geneName,spacer,PAM,target_strand,6bp five_prime,6bp three_prime,Guide,free_energy,Genome,Position,Off-target,Off-target_Strand,Mismatches,HsuSupp_score,CropIT_score,CFD_score,CCTop_score,normalized_HsuSupp_score,normalized_CropIT_score,normalized_CFD_score,normalized_CCTop_score,CrisprScan_score,Chari_score,Housden_score,normalized_CrisprScan_score,normalized_Chari_score,normalized_Housden_score
gpmA,GTGACGTTCGTTCAGTTTCC,AGG,coding,ACCGTA,ATTTCT,GTGACGTTCGTTCAGTTTCC,0.0,U00096.3 E. coli MG1655 complete genome,787322,GTGACGTTCGTTCAGTTTCCAGG,+,0,1.0,650.0,1.0,224.0,1.0,1.0,1.0,1.0,0.329268488629,-0.94372788,4.7,0.3208372495950503,0.3748601854417262,0.2575757575757576
gpmA,CAGTTTCCAGGATTTCTCAA,CGG,coding,TTCGTT,GCAGCC,CAGTTTCCAGGATTTCTCAA,0.0,U00096.3 E. coli MG1655 complete genome,787334,CAGTTTCCAGGATTTCTCAACGG,+,0,1.0,650.0,1.0,224.0,1.0,1.0,1.0,1.0,0.480142345629,-0.21432606,5.3,0.5211060919948332,0.5214730743508407,0.3484848484848484
gpmA,AGTTTCCAGGATTTCTCAAC,GGG,coding,TCGTTC,CAGCCA,AGTTTCCAGGATTTCTCAAC,0.0,U00096.3 E. coli MG1655 complete genome,787335,AGTTTCCAGGATTTCTCAACGGG,+,0,1.0,650.0,1.0,224.0,1.0,1.0,1.0,1.0,0.5353337776290001,-1.0714966,8.9,0.5943667908117684,0.3491781256527614,0.893939393939394
gpmA,GTTCGTCCAGCACATTCCAC,AGG,coding,GATCCA,GTATGG,GTTCGTCCAGCACATTCCAC,0.0,U00096.3 E. coli MG1655 complete genome,787375,GTTCGTCCAGCACATTCCACAGG,+,0,1.0,650.0,1.0,224.0,1.0,1.0,1.0,1.0,0.427869816629,0.39596571,4.0,0.4517199234411978,0.6441443332149285,0.1515151515151515
gpmA,TTCGTCCAGCACATTCCACA,GGG,coding,ATCCAG,TATGGA,TTCGTCCAGCACATTCCACA,0.0,U00096.3 E. coli MG1655 complete genome,787376,TTCGTCCAGCACATTCCACAGGG,+,0,1.0,650.0,1.0,224.0,1.0,1.0,1.0,1.0,0.394397314629,0.30023237,9.4,0.4072887717423027,0.6249015219722605,0.9696969696969698
gpmA,CCAGCACATTCCACAGGGTA,TGG,coding,GTTCGT,ATAGCG,CCAGCACATTCCACAGGGTA,0.0,U00096.3 E. coli MG1655 complete genome,787381,CCAGCACATTCCACAGGGTATGG,+,1,1.0,650.0,1.0,224.0,1.0,1.0,1.0,1.0,0.5638705866290001,-0.45224415,3.9,0.6322463401111126,0.4736505195639076,0.1363636363636363
gpmA,CAGATCCACGTCGTACCAAC,CGG,coding,CTCAGA,TGAAAC,CAGATCCACGTCGTACCAAC,0.0,U00096.3 E. coli MG1655 complete genome,787505,CAGATCCACGTCGTACCAACCGG,+,0,1.0,650.0,1.0,224.0,1.0,1.0,1.0,1.0,0.5453848326290001,-0.17985457,7.2,0.6077084869132111,0.5284019914378608,0.6363636363636365
gpmA,CGTCGTACCAACCGGTGAAA,CGG,coding,GATCCA,TTTTCT,CGTCGTACCAACCGGTGAAA,-2.7,U00096.3 E. coli MG1655 complete genome,787513,CGTCGTACCAACCGGTGAAACGG,+,0,1.0,650.0,1.0,224.0,1.0,1.0,1.0,1.0,0.438346916629,-0.65859338,5.4,0.4656271485259702,0.4321734408057666,0.3636363636363637
gpmA,GCATTGCTGTTGCTTCGTCG,CGG,non-coding,GCGTAA,CAATAT,GCATTGCTGTTGCTTCGTCG,-1.9,U00096.3 E. coli MG1655 complete genome,787641,GCATTGCTGTTGCTTCGTCGCGG,-,0,1.0,650.0,1.0,224.0,1.0,1.0,1.0,1.0,0.525569680629,0.21450462,6.4,0.5814060006380989,0.6076698771606553,0.5151515151515152
gpmA,TATCATTAAAAGATGATTTG,AGG,non-coding,AATTAT,AGTAAG,TATCATTAAAAGATGATTTG,-2.9,U00096.3 E. coli MG1655 complete genome,787600,TATCATTAAAAGATGATTTGAGG,-,0,1.0,650.0,1.0,224.0,1.0,1.0,1.0,1.0,0.278163014629,0.58272336,6.4,0.2530002212205971,0.6816834205075504,0.5151515151515152
gpmA,TGATTTGAGGAGTAAGTATA,TGG,non-coding,AAAAGA,CTGTAA,TGATTTGAGGAGTAAGTATA,0.0,U00096.3 E. coli MG1655 complete genome,787587,TGATTTGAGGAGTAAGTATATGG,-,0,1.0,650.0,1.0,224.0,1.0,1.0,1.0,1.0,0.5437719156290001,-0.84647283,5.3,0.6055675128114029,0.3944088669099194,0.3484848484848484
gpmA,GTATATGGCTGTAACTAAGC,TGG,non-coding,GAGTAA,TTCTGG,GTATATGGCTGTAACTAAGC,-1.0,U00096.3 E. coli MG1655 complete genome,787572,GTATATGGCTGTAACTAAGCTGG,-,0,1.0,650.0,1.0,224.0,1.0,1.0,1.0,1.0,0.225904116629,-0.43021812,4.4,0.1836321463555904,0.4780778459030422,0.2121212121212121
gpmA,GGCTGTAACTAAGCTGGTTC,TGG,non-coding,GTATAT,TTCGTC,GGCTGTAACTAAGCTGGTTC,-3.3,U00096.3 E. coli MG1655 complete genome,787566,GGCTGTAACTAAGCTGGTTCTGG,-,0,1.0,650.0,1.0,224.0,1.0,1.0,1.0,1.0,0.270980860629,-1.3328142,5.5,0.2434666830973093,0.2966521691658467,0.3787878787878788
gpmA,AAGCTGGTTCTGGTTCGTCA,TGG,non-coding,GTAACT,CGAAAG,AAGCTGGTTCTGGTTCGTCA,-0.3,U00096.3 E. coli MG1655 complete genome,787556,AAGCTGGTTCTGGTTCGTCATGG,-,0,1.0,650.0,1.0,224.0,1.0,1.0,1.0,1.0,0.401157915629,-1.2146758,8.1,0.4162627435298524,0.320398493400547,0.7727272727272727
gpmA,TTCGTCATGGCGAAAGTCAG,TGG,non-coding,TTCTGG,AACAAA,TTCGTCATGGCGAAAGTCAG,-3.1,U00096.3 E. coli MG1655 complete genome,787543,TTCGTCATGGCGAAAGTCAGTGG,-,0,1.0,650.0,1.0,224.0,1.0,1.0,1.0,1.0,0.6732022886290001,0.11384666,5.3,0.7773724330772254,0.5874371962121788,0.3484848484848484
gpmA,AACAAAGAAAACCGTTTCAC,CGG,non-coding,CAGTGG,TTGGTA,AACAAAGAAAACCGTTTCAC,-0.4,U00096.3 E. coli MG1655 complete genome,787520,AACAAAGAAAACCGTTTCACCGG,-,0,1.0,650.0,1.0,224.0,1.0,1.0,1.0,1.0,0.5044514476290001,-0.48729187,4.3,0.5533738142770193,0.4666057777796359,0.1969696969696969
gpmA,AAGAAAACCGTTTCACCGGT,TGG,non-coding,GGAACA,TACGAC,AAGAAAACCGTTTCACCGGT,-3.3,U00096.3 E. coli MG1655 complete genome,787516,AAGAAAACCGTTTCACCGGTTGG,-,0,1.0,650.0,1.0,224.0,1.0,1.0,1.0,1.0,0.3755333226289999,-1.3431605,3.7,0.3822488482194436,0.2945725185659615,0.106060606060606
gpmA,TTTCACCGGTTGGTACGACG,TGG,non-coding,AAACCG,ATCTGT,TTTCACCGGTTGGTACGACG,-1.7,U00096.3 E. coli MG1655 complete genome,787506,TTTCACCGGTTGGTACGACGTGG,-,0,1.0,650.0,1.0,224.0,1.0,1.0,1.0,1.0,0.410909112629,0.51249683,7.7,0.4292064103388889,0.6675675872877174,0.7121212121212122
gpmA,GACGTGGATCTGTCTGAGAA,AGG,non-coding,TGGTAC,CGTAAG,GACGTGGATCTGTCTGAGAA,-2.1,U00096.3 E. coli MG1655 complete genome,787490,GACGTGGATCTGTCTGAGAAAGG,-,0,1.0,650.0,1.0,224.0,1.0,1.0,1.0,1.0,0.510271318629,-0.57658127,5.1,0.5610990680172087,0.4486582260680684,0.3181818181818181
gpmA,GTAAGCGAAGCAAAAGCAGC,AGG,non-coding,AAAGGC,TAAGCT,GTAAGCGAAGCAAAAGCAGC,-0.8,U00096.3 E. coli MG1655 complete genome,787466,GTAAGCGAAGCAAAAGCAGCAGG,-,0,1.0,650.0,1.0,224.0,1.0,1.0,1.0,1.0,0.301806734629,1.09619,4.4,0.284384720355027,0.7848924136642389,0.2121212121212121
gpmA,AGCAGGTAAGCTGCTGAAAG,AGG,non-coding,AAAAGC,AAGGTT,AGCAGGTAAGCTGCTGAAAG,-6.4,U00096.3 E. coli MG1655 complete genome,787449,AGCAGGTAAGCTGCTGAAAGAGG,-,0,1.0,650.0,1.0,224.0,1.0,1.0,1.0,1.0,0.530027631629,0.25148764,4.6,0.5873234518387065,0.6151036225313258,0.2424242424242423
gpmA,GGTAAGCTGCTGAAAGAGGA,AGG,non-coding,GCAGCA,TTACAG,GGTAAGCTGCTGAAAGAGGA,0.0,U00096.3 E. coli MG1655 complete genome,787445,GGTAAGCTGCTGAAAGAGGAAGG,-,0,1.0,650.0,1.0,224.0,1.0,1.0,1.0,1.0,0.400238714629,0.58570653,6.4,0.4150426029179324,0.6822830504506275,0.5151515151515152
gpmA,AACGCGCTATCCATACCCTG,TGG,non-coding,TGCTGA,AATGTG,AACGCGCTATCCATACCCTG,0.0,U00096.3 E. coli MG1655 complete genome,787387,AACGCGCTATCCATACCCTGTGG,-,0,1.0,650.0,1.0,224.0,1.0,1.0,1.0,1.0,0.5305187186290001,1.3980968,5.9,0.5879753170919929,0.8455769731424512,0.4393939393939394
gpmA,CCATACCCTGTGGAATGTGC,TGG,non-coding,CGCTAT,ACGAAC,CCATACCCTGTGGAATGTGC,-3.0,U00096.3 E. coli MG1655 complete genome,787377,CCATACCCTGTGGAATGTGCTGG,-,0,1.0,650.0,1.0,224.0,1.0,1.0,1.0,1.0,0.310433059629,-1.784454,4.3,0.2958352403872305,0.2058706355739307,0.1969696969696969
gpmA,GTGGAATGTGCTGGACGAAC,TGG,non-coding,TACCCT,ATCAGG,GTGGAATGTGCTGGACGAAC,0.0,U00096.3 E. coli MG1655 complete genome,787368,GTGGAATGTGCTGGACGAACTGG,-,0,1.0,650.0,1.0,224.0,1.0,1.0,1.0,1.0,0.6039907196290001,-1.2033873,4.4,0.6855015080547233,0.322667530234662,0.2121212121212121
gpmA,TGTGCTGGACGAACTGGATC,AGG,non-coding,GTGGAA,CATGGC,TGTGCTGGACGAACTGGATC,-0.6,U00096.3 E. coli MG1655 complete genome,787362,TGTGCTGGACGAACTGGATCAGG,-,0,1.0,650.0,1.0,224.0,1.0,1.0,1.0,1.0,0.349574323629,-0.21878533,6.9,0.3477910648568355,0.5205767419875271,0.5909090909090909
gpmA,TGGACGAACTGGATCAGGCA,TGG,non-coding,ATGTGC,CTGCCC,TGGACGAACTGGATCAGGCA,-0.4,U00096.3 E. coli MG1655 complete genome,787357,TGGACGAACTGGATCAGGCATGG,-,0,1.0,650.0,1.0,224.0,1.0,1.0,1.0,1.0,0.5465813536290001,0.018764271,6.2,0.6092967400429566,0.5683252289076962,0.4848484848484849
gpmA,GGCTGCCCGTTGAGAAATCC,TGG,non-coding,AGGCAT,AAACTG,GGCTGCCCGTTGAGAAATCC,-0.1,U00096.3 E. coli MG1655 complete genome,787336,GGCTGCCCGTTGAGAAATCCTGG,-,0,1.0,650.0,1.0,224.0,1.0,1.0,1.0,1.0,0.296944738629,-1.4941226,5.0,0.277930942808448,0.2642284900896045,0.303030303030303
gpmA,AAACTGAACGAACGTCACTA,CGG,non-coding,TCCTGG,TGCGTT,AAACTGAACGAACGTCACTA,0.0,U00096.3 E. coli MG1655 complete genome,787313,AAACTGAACGAACGTCACTACGG,-,0,1.0,650.0,1.0,224.0,1.0,1.0,1.0,1.0,0.349716396629,0.97249067,3.4,0.3479796515067165,0.7600283186892334,0.0606060606060605
gpmA,ACGTCACTACGGTGCGTTGC,AGG,non-coding,GAACGA,GTCTGA,ACGTCACTACGGTGCGTTGC,-5.3,U00096.3 E. coli MG1655 complete genome,787302,ACGTCACTACGGTGCGTTGCAGG,-,0,1.0,650.0,1.0,224.0,1.0,1.0,1.0,1.0,0.4036421716289999,-0.98235969,6.8,0.4195603265786155,0.3670950262214105,0.5757575757575758
gpmA,CGTCACTACGGTGCGTTGCA,GGG,non-coding,AACGAA,TCTGAA,CGTCACTACGGTGCGTTGCA,-4.1,U00096.3 E. coli MG1655 complete genome,1529368,CGGCACTACGATCCGTTGCAGGG,+,3,8.899541662404973e-07,432.5,0.210526316,204.1425957552128,8.899499730940362e-07,0.2368421052631578,0.1932385710026331,0.5598175595461709,0.4486036746289999,-0.34468764,5.6,0.4792418932688894,0.4952698385999939,0.3939393939393939
gpmA,CGTCACTACGGTGCGTTGCA,GGG,non-coding,AACGAA,TCTGAA,CGTCACTACGGTGCGTTGCA,-4.1,U00096.3 E. coli MG1655 complete genome,787301,CGTCACTACGGTGCGTTGCAGGG,-,0,1.0,650.0,1.0,224.0,1.0,1.0,1.0,1.0,0.4486036746289999,-0.34468764,5.6,0.4792418932688894,0.4952698385999939,0.3939393939393939
fbaA,TTCGTATTCCACGGTGGTTC,CGG,coding,AAC,TTCTAC,TTCGTATTCCACGGTGGTTC,-0.8,U00096.3 E. coli MG1655 complete genome,3070434,TTCGTATTCCACGGTGGTTCCGG,-,0,1.0,650.0,1.0,224.0,1.0,1.0,1.0,1.0,,-2.5230248,7.3,,0.0574147424258772,0.6515151515151515
fbaA,TGGTTCCGGTTCTACTGCTC,AGG,coding,CCACGG,AAATCA,TGGTTCCGGTTCTACTGCTC,-0.5,U00096.3 E. coli MG1655 complete genome,3070420,TGGTTCCGGTTCTACTGCTCAGG,-,0,1.0,650.0,1.0,224.0,1.0,1.0,1.0,1.0,0.626112351629,-1.3689775,5.7,0.7148655988304631,0.2893831910249819,0.4090909090909091
fbaA,ATCAAAGACTCCGTAAGCTA,CGG,coding,CAGGAA,CGTAGT,ATCAAAGACTCCGTAAGCTA,0.0,U00096.3 E. coli MG1655 complete genome,3070395,ATCAAAGACTCCGTAAGCTACGG,-,0,1.0,650.0,1.0,224.0,1.0,1.0,1.0,1.0,0.428597258629,-0.29734137,6.0,0.452685524574156,0.5047866415931246,0.4545454545454546
fbaA,ACATCGATACCGATACCCAA,TGG,coding,AAATGA,GCAACC,ACATCGATACCGATACCCAA,-2.1,U00096.3 E. coli MG1655 complete genome,3070358,ACATCGATACCGATACCCAATGG,-,0,1.0,650.0,1.0,224.0,1.0,1.0,1.0,1.0,0.391323328629,0.82494314,7.2,0.4032083854513024,0.7303706334030846,0.6363636363636365
fbaA,CATCGATACCGATACCCAAT,GGG,coding,AATGAA,CAACCT,CATCGATACCGATACCCAAT,-2.1,U00096.3 E. coli MG1655 complete genome,3070357,CATCGATACCGATACCCAATGGG,-,0,1.0,650.0,1.0,224.0,1.0,1.0,1.0,1.0,0.5630494746290001,-0.20012538,6.6,0.6311564021126389,0.5243274718340741,0.5454545454545454
fbaA,CCGATACCCAATGGGCAACC,TGG,coding,TCGATA,GAAGGC,CCGATACCCAATGGGCAACC,-2.3,U00096.3 E. coli MG1655 complete genome,3070349,CCGATACCCAATGGGCAACCTGG,-,0,1.0,650.0,1.0,224.0,1.0,1.0,1.0,1.0,0.346889376629,-0.89397224,5.8,0.3442270860583432,0.3848612821210872,0.4242424242424242
fbaA,CGATACCCAATGGGCAACCT,GGG,coding,CGATAC,AAGGCG,CGATACCCAATGGGCAACCT,-2.3,U00096.3 E. coli MG1655 complete genome,3070348,CGATACCCAATGGGCAACCTGGG,-,0,1.0,650.0,1.0,224.0,1.0,1.0,1.0,1.0,0.497847050629,-0.69246525,4.8,0.5446071865242826,0.425365049906147,0.2727272727272727
fbaA,ACCCAATGGGCAACCTGGGA,AGG,coding,ACCGAT,CGTTCT,ACCCAATGGGCAACCTGGGA,-6.7,U00096.3 E. coli MG1655 complete genome,3070344,ACCCAATGGGCAACCTGGGAAGG,-,0,1.0,650.0,1.0,224.0,1.0,1.0,1.0,1.0,0.424599984629,0.016117443,3.8,0.4473795726176501,0.5677932051467388,0.1212121212121211
fbaA,AGCGAACGAAGCTTATCTGC,AGG,coding,CTACAA,GTCAGC,AGCGAACGAAGCTTATCTGC,-1.4,U00096.3 E. coli MG1655 complete genome,3070303,AGCGAACGAAGCTTATCTGCAGG,-,0,1.0,650.0,1.0,224.0,1.0,1.0,1.0,1.0,0.233025493629,-0.68665283,5.7,0.193085009538391,0.4265333712132603,0.4090909090909091
fbaA,GCGAACGAAGCTTATCTGCA,GGG,coding,TACAAA,TCAGCT,GCGAACGAAGCTTATCTGCA,-1.6,U00096.3 E. coli MG1655 complete genome,3070302,GCGAACGAAGCTTATCTGCAGGG,-,0,1.0,650.0,1.0,224.0,1.0,1.0,1.0,1.0,0.256075309629,0.47450613,3.8,0.2236811648938413,0.6599312939224506,0.1212121212121211
fbaA,AGCTTATCTGCAGGGTCAGC,TGG,coding,GAACGA,GTAACC,AGCTTATCTGCAGGGTCAGC,-2.9,U00096.3 E. coli MG1655 complete genome,3070294,AGCTTATCTGCAGGGTCAGCTGG,-,0,1.0,650.0,1.0,224.0,1.0,1.0,1.0,1.0,0.171603558629,-1.0467596,4.5,0.1115539871001915,0.3541503685694911,0.2272727272727273
fbaA,GCTTATCTGCAGGGTCAGCT,GGG,coding,AACGAA,TAACCC,GCTTATCTGCAGGGTCAGCT,-3.9,U00096.3 E. coli MG1655 complete genome,3070293,GCTTATCTGCAGGGTCAGCTGGG,-,1,1.0,650.0,1.0,224.0,1.0,1.0,1.0,1.0,0.432355336629,0.013071315,7.7,0.457673969528593,0.5671809203760935,0.7121212121212122
fbaA,GGTCAGCTGGGTAACCCGAA,AGG,coding,CTGCAG,CGAAGA,GGTCAGCTGGGTAACCCGAA,-3.1,U00096.3 E. coli MG1655 complete genome,3070281,GGTCAGCTGGGTAACCCGAAAGG,-,0,1.0,650.0,1.0,224.0,1.0,1.0,1.0,1.0,0.6559701826290001,0.95841184,5.9,0.7544986629665404,0.7571984135777268,0.4393939393939394
fbaA,GGTCAGCTGGGTAACCCGAA,AGG,coding,CTGCAG,CGAAGA,GGTCAGCTGGGTAACCCGAA,-3.1,U00096.3 E. coli MG1655 complete genome,1082551,GGTCTGCTGACTAACCCGAAAGG,+,3,4.0090596906509734e-07,530.0,0.1454545456935065,207.88985987072,4.0090177591658566e-07,0.5789473684210527,0.1267418714117508,0.6428837973613186,0.6559701826290001,0.95841184,5.9,0.7544986629665404,0.7571984135777268,0.4393939393939394
fbaA,AATACTACGATCCGCGCGTA,TGG,coding,ACAAGA,CTGCGT,AATACTACGATCCGCGCGTA,-0.8,U00096.3 E. coli MG1655 complete genome,3070238,AATACTACGATCCGCGCGTATGG,-,1,1.0,650.0,1.0,224.0,1.0,1.0,1.0,1.0,0.597559412629,0.028362477,5.6,0.676964638688365,0.5702545094104576,0.3939393939393939
fbaA,CCGCGCGTATGGCTGCGTGC,CGG,coding,TACGAT,TCAGAC,CCGCGCGTATGGCTGCGTGC,-8.2,U00096.3 E. coli MG1655 complete genome,3070227,CCGCGCGTATGGCTGCGTGCCGG,-,0,1.0,650.0,1.0,224.0,1.0,1.0,1.0,1.0,0.588348589629,-0.75742029,6.9,0.6647382603320451,0.4123088087473204,0.5909090909090909
fbaA,GACTTCGATGATCGCTCGTC,TGG,coding,CGGTCA,AGAAAG,GACTTCGATGATCGCTCGTC,-2.6,U00096.3 E. coli MG1655 complete genome,3070201,GACTTCGATGATCGCTCGTCTGG,-,0,1.0,650.0,1.0,224.0,1.0,1.0,1.0,1.0,0.441786732629,-0.91727616,5.5,0.4701931348544582,0.3801770944203945,0.3787878787878788
fbaA,TCGTCTGGAGAAAGCATTCC,AGG,coding,GATCGC,AACTGA,TCGTCTGGAGAAAGCATTCC,-0.7,U00096.3 E. coli MG1655 complete genome,3070186,TCGTCTGGAGAAAGCATTCCAGG,-,0,1.0,650.0,1.0,224.0,1.0,1.0,1.0,1.0,0.3823360916289999,0.079911424,5.5,0.3912787934984532,0.5806160684752443,0.3787878787878788
fbaA,ATTCCTTTCTGCTTATCTCA,AGG,coding,TAAGAT,CCCGCT,ATTCCTTTCTGCTTATCTCA,0.0,U00096.3 E. coli MG1655 complete genome,3070134,ATTCCTTTCTGCTTATCTCAAGG,-,0,1.0,650.0,1.0,224.0,1.0,1.0,1.0,1.0,0.087563624629,-0.77366574,5.7,0.0,0.4090434037389691,0.4090909090909091
fbaA,TTATCTCAAGGCCCGCTCTG,CGG,coding,TTCTGC,GTCTTT,TTATCTCAAGGCCCGCTCTG,0.0,U00096.3 E. coli MG1655 complete genome,3070122,TTATCTCAAGGCCCGCTCTGCGG,-,0,1.0,650.0,1.0,224.0,1.0,1.0,1.0,1.0,0.434197254629,1.9267221,4.6,0.4601189178648401,0.9518329218641683,0.2424242424242423
fbaA,TATCTCAAGGCCCGCTCTGC,GGG,coding,TCTGCT,TCTTTT,TATCTCAAGGCCCGCTCTGC,0.0,U00096.3 E. coli MG1655 complete genome,3070121,TATCTCAAGGCCCGCTCTGCGGG,-,0,1.0,650.0,1.0,224.0,1.0,1.0,1.0,1.0,0.339350600629,-0.24990372,5.7,0.3342201705286947,0.5143218123575182,0.4090909090909091
fbaA,CCTGATGCGCTACGCTTATC,AGG,coding,AAATTG,CCTACA,CCTGATGCGCTACGCTTATC,-1.6,U00096.3 E. coli MG1655 complete genome,1180354,CCTGATGCACTACGCTTATCAGG,+,1,0.0403549253093291,642.5,0.642857143,218.840219648,0.0403549253053051,0.9736842105263158,0.6350364964546148,0.8856222757239128,0.431358425629,-0.80646391,7.8,0.4563506772371684,0.4024508311366246,0.7272727272727273
fbaA,CCTGATGCGCTACGCTTATC,AGG,coding,AAATTG,CCTACA,CCTGATGCGCTACGCTTATC,-1.6,U00096.3 E. coli MG1655 complete genome,3563582,CCTGATGCGCTACGCTTATCAGG,+,0,1.0,650.0,1.0,224.0,1.0,1.0,1.0,1.0,0.431358425629,-0.80646391,7.8,0.4563506772371684,0.4024508311366246,0.7272727272727273
fbaA,CCTGATGCGCTACGCTTATC,AGG,coding,AAATTG,CCTACA,CCTGATGCGCTACGCTTATC,-1.6,U00096.3 E. coli MG1655 complete genome,4470440,CCTGATGCGCTACGCTTATCAGG,-,0,1.0,650.0,1.0,224.0,1.0,1.0,1.0,1.0,0.431358425629,-0.80646391,7.8,0.4563506772371684,0.4024508311366246,0.7272727272727273
fbaA,CCTGATGCGCTACGCTTATC,AGG,coding,AAATTG,CCTACA,CCTGATGCGCTACGCTTATC,-1.6,U00096.3 E. coli MG1655 complete genome,2684117,CCTGATGCGCTACGCTTATCAGG,+,0,1.0,650.0,1.0,224.0,1.0,1.0,1.0,1.0,0.431358425629,-0.80646391,7.8,0.4563506772371684,0.4024508311366246,0.7272727272727273
fbaA,CCTGATGCGCTACGCTTATC,AGG,coding,AAATTG,CCTACA,CCTGATGCGCTACGCTTATC,-1.6,U00096.3 E. coli MG1655 complete genome,2828561,CCTGATGCGCTACGCTCATCAGG,+,1,0.22854491851411,575.0,0.705882353,201.8138889325957,0.2285449185108752,0.7368421052631579,0.6994418205495713,0.5081967213114759,0.431358425629,-0.80646391,7.8,0.4563506772371684,0.4024508311366246,0.7272727272727273
fbaA,CCTGATGCGCTACGCTTATC,AGG,coding,AAATTG,CCTACA,CCTGATGCGCTACGCTTATC,-1.6,U00096.3 E. coli MG1655 complete genome,4373197,CCTGATGCGCTTCGCTTATCAGG,+,1,0.1064689984875766,545.0,0.333333333,215.083899551744,0.1064689984838299,0.631578947368421,0.3187347927688091,0.8023552924509207,0.431358425629,-0.80646391,7.8,0.4563506772371684,0.4024508311366246,0.7272727272727273
fbaA,CCTGATGCGCTACGCTTATC,AGG,coding,AAATTG,CCTACA,CCTGATGCGCTACGCTTATC,-1.6,U00096.3 E. coli MG1655 complete genome,4080089,CCTGATGCGCTGCGCTTATCAGG,-,1,0.2637089228589163,545.0,0.7222222220000001,215.083899551744,0.263708922855829,0.631578947368421,0.7161394969018458,0.8023552924509207,0.431358425629,-0.80646391,7.8,0.4563506772371684,0.4024508311366246,0.7272727272727273
fbaA,CCTGATGCGCTACGCTTATC,AGG,coding,AAATTG,CCTACA,CCTGATGCGCTACGCTTATC,-1.6,U00096.3 E. coli MG1655 complete genome,3304504,CCTGATGCGCTTCGCTTATCAGG,-,1,0.1064689984875766,545.0,0.333333333,215.083899551744,0.1064689984838299,0.631578947368421,0.3187347927688091,0.8023552924509207,0.431358425629,-0.80646391,7.8,0.4563506772371684,0.4024508311366246,0.7272727272727273
fbaA,CCTGATGCGCTACGCTTATC,AGG,coding,AAATTG,CCTACA,CCTGATGCGCTACGCTTATC,-1.6,U00096.3 E. coli MG1655 complete genome,4050033,CCTGATGCGCTATGTTTATCAGG,+,2,0.000284279076147,440.0,0.0466666668999999,197.89365788750644,0.0002842790719551,0.2631578947368421,0.0257907543849444,0.4212962962962961,0.431358425629,-0.80646391,7.8,0.4563506772371684,0.4024508311366246,0.7272727272727273
fbaA,CCTGATGCGCTACGCTTATC,AGG,coding,AAATTG,CCTACA,CCTGATGCGCTACGCTTATC,-1.6,U00096.3 E. coli MG1655 complete genome,138699,CCTGATGCGCTACGCTTATCAGG,+,0,1.0,650.0,1.0,224.0,1.0,1.0,1.0,1.0,0.431358425629,-0.80646391,7.8,0.4563506772371684,0.4024508311366246,0.7272727272727273
fbaA,CCTGATGCGCTACGCTTATC,AGG,coding,AAATTG,CCTACA,CCTGATGCGCTACGCTTATC,-1.6,U00096.3 E. coli MG1655 complete genome,3269722,CCTGATGCGCTACGCTTATCAGG,+,0,1.0,650.0,1.0,224.0,1.0,1.0,1.0,1.0,0.431358425629,-0.80646391,7.8,0.4563506772371684,0.4024508311366246,0.7272727272727273
fbaA,CCTGATGCGCTACGCTTATC,AGG,coding,AAATTG,CCTACA,CCTGATGCGCTACGCTTATC,-1.6,U00096.3 E. coli MG1655 complete genome,2842473,CCCGATGCGCTGCGCTTATCGGG,-,3,0.0005053676822287,537.5,0.3095238097380953,213.355899551744,0.0005053676780377,0.6052631578947368,0.2944038930823285,0.7640504240135526,0.431358425629,-0.80646391,7.8,0.4563506772371684,0.4024508311366246,0.7272727272727273
fbaA,CCTGATGCGCTACGCTTATC,AGG,coding,AAATTG,CCTACA,CCTGATGCGCTACGCTTATC,-1.6,U00096.3 E. coli MG1655 complete genome,3740964,CCTGATGCGCTACGCTTATCAGG,+,0,1.0,650.0,1.0,224.0,1.0,1.0,1.0,1.0,0.431358425629,-0.80646391,7.8,0.4563506772371684,0.4024508311366246,0.7272727272727273
fbaA,CCTGATGCGCTACGCTTATC,AGG,coding,AAATTG,CCTACA,CCTGATGCGCTACGCTTATC,-1.6,U00096.3 E. coli MG1655 complete genome,3252134,CCAGATGCGCTACGCTTATCTGG,-,2,0.0201277900517871,642.5,0.7142857140000001,222.272,0.0201277900476784,0.9736842105263158,0.7080291967549328,0.9616951315626312,0.431358425629,-0.80646391,7.8,0.4563506772371684,0.4024508311366246,0.7272727272727273
fbaA,CCTGATGCGCTACGCTTATC,AGG,coding,AAATTG,CCTACA,CCTGATGCGCTACGCTTATC,-1.6,U00096.3 E. coli MG1655 complete genome,3512511,CCTGATGCGCTACGCTTATCAGG,+,0,1.0,650.0,1.0,224.0,1.0,1.0,1.0,1.0,0.431358425629,-0.80646391,7.8,0.4563506772371684,0.4024508311366246,0.7272727272727273
fbaA,CCTGATGCGCTACGCTTATC,AGG,coding,AAATTG,CCTACA,CCTGATGCGCTACGCTTATC,-1.6,U00096.3 E. coli MG1655 complete genome,4374568,CCTGATTCGCTACGCTTATCAGG,-,1,0.0008372200152538,642.5,0.571428571,220.4168192,0.0008372200110642,0.9736842105263158,0.5620437951323992,0.9205710248082724,0.431358425629,-0.80646391,7.8,0.4563506772371684,0.4024508311366246,0.7272727272727273
fbaA,CCTGATGCGCTACGCTTATC,AGG,coding,AAATTG,CCTACA,CCTGATGCGCTACGCTTATC,-1.6,U00096.3 E. coli MG1655 complete genome,1816254,CCTGATGCGCTTCGCTTATCAGG,-,1,0.1064689984875766,545.0,0.333333333,215.083899551744,0.1064689984838299,0.631578947368421,0.3187347927688091,0.8023552924509207,0.431358425629,-0.80646391,7.8,0.4563506772371684,0.4024508311366246,0.7272727272727273
fbaA,CCTGATGCGCTACGCTTATC,AGG,coding,AAATTG,CCTACA,CCTGATGCGCTACGCTTATC,-1.6,U00096.3 E. coli MG1655 complete genome,1954498,CCTGATGCGCTATGCTTATCAGG,-,1,0.0217119488577499,545.0,0.7,213.3006794620928,0.0217119488536478,0.631578947368421,0.6934306568992488,0.762826350941105,0.431358425629,-0.80646391,7.8,0.4563506772371684,0.4024508311366246,0.7272727272727273
fbaA,CCTGATGCGCTACGCTTATC,AGG,coding,AAATTG,CCTACA,CCTGATGCGCTACGCTTATC,-1.6,U00096.3 E. coli MG1655 complete genome,3598397,CCTGATGCGCTACGCTTATCAGG,+,0,1.0,650.0,1.0,224.0,1.0,1.0,1.0,1.0,0.431358425629,-0.80646391,7.8,0.4563506772371684,0.4024508311366246,0.7272727272727273
fbaA,CCTGATGCGCTACGCTTATC,AGG,coding,AAATTG,CCTACA,CCTGATGCGCTACGCTTATC,-1.6,U00096.3 E. coli MG1655 complete genome,3774236,CCTGATGCGCTACGCTTATCAGG,+,0,1.0,650.0,1.0,224.0,1.0,1.0,1.0,1.0,0.431358425629,-0.80646391,7.8,0.4563506772371684,0.4024508311366246,0.7272727272727273
fbaA,CCTGATGCGCTACGCTTATC,AGG,coding,AAATTG,CCTACA,CCTGATGCGCTACGCTTATC,-1.6,U00096.3 E. coli MG1655 complete genome,984430,CCTGATGCGCTACGCTTATCAGG,-,0,1.0,650.0,1.0,224.0,1.0,1.0,1.0,1.0,0.431358425629,-0.80646391,7.8,0.4563506772371684,0.4024508311366246,0.7272727272727273
fbaA,CCTGATGCGCTACGCTTATC,AGG,coding,AAATTG,CCTACA,CCTGATGCGCTACGCTTATC,-1.6,U00096.3 E. coli MG1655 complete genome,2538604,CCTGATGCGCTACGCTTATCAGG,-,0,1.0,650.0,1.0,224.0,1.0,1.0,1.0,1.0,0.431358425629,-0.80646391,7.8,0.4563506772371684,0.4024508311366246,0.7272727272727273
fbaA,CCTGATGCGCTACGCTTATC,AGG,coding,AAATTG,CCTACA,CCTGATGCGCTACGCTTATC,-1.6,U00096.3 E. coli MG1655 complete genome,1735983,CCTGAAGCGCTACGCTTATCAGG,+,1,3.427367713206066e-08,642.5,0.8666666670000001,221.014016,3.4269483982011524e-08,0.9736842105263158,0.863746958962521,0.9338091873402272,0.431358425629,-0.80646391,7.8,0.4563506772371684,0.4024508311366246,0.7272727272727273
fbaA,CCTGATGCGCTACGCTTATC,AGG,coding,AAATTG,CCTACA,CCTGATGCGCTACGCTTATC,-1.6,U00096.3 E. coli MG1655 complete genome,3590933,CCGGATGCGCTTCGCTTATCCGG,+,3,0.0003298415863926,537.5,0.1666666665,213.355899551744,0.0003298415822009,0.6052631578947368,0.1484184912164858,0.7640504240135526,0.431358425629,-0.80646391,7.8,0.4563506772371684,0.4024508311366246,0.7272727272727273
fbaA,CCTGATGCGCTACGCTTATC,AGG,coding,AAATTG,CCTACA,CCTGATGCGCTACGCTTATC,-1.6,U00096.3 E. coli MG1655 complete genome,490028,CCTGATGCGCTACGCTTATCAGG,-,0,1.0,650.0,1.0,224.0,1.0,1.0,1.0,1.0,0.431358425629,-0.80646391,7.8,0.4563506772371684,0.4024508311366246,0.7272727272727273
fbaA,CCTGATGCGCTACGCTTATC,AGG,coding,AAATTG,CCTACA,CCTGATGCGCTACGCTTATC,-1.6,U00096.3 E. coli MG1655 complete genome,2002038,CCTGATGCGCTGCGCTTATCAGG,-,1,0.2637089228589163,545.0,0.7222222220000001,215.083899551744,0.263708922855829,0.631578947368421,0.7161394969018458,0.8023552924509207,0.431358425629,-0.80646391,7.8,0.4563506772371684,0.4024508311366246,0.7272727272727273
fbaA,CCTGATGCGCTACGCTTATC,AGG,coding,AAATTG,CCTACA,CCTGATGCGCTACGCTTATC,-1.6,U00096.3 E. coli MG1655 complete genome,3676121,CCTGATGCGCTACGCTTATCAGG,+,0,1.0,650.0,1.0,224.0,1.0,1.0,1.0,1.0,0.431358425629,-0.80646391,7.8,0.4563506772371684,0.4024508311366246,0.7272727272727273
fbaA,CCTGATGCGCTACGCTTATC,AGG,coding,AAATTG,CCTACA,CCTGATGCGCTACGCTTATC,-1.6,U00096.3 E. coli MG1655 complete genome,3877655,CCTGATGCGCTACGCTTATCAGG,-,0,1.0,650.0,1.0,224.0,1.0,1.0,1.0,1.0,0.431358425629,-0.80646391,7.8,0.4563506772371684,0.4024508311366246,0.7272727272727273
fbaA,CCTGATGCGCTACGCTTATC,AGG,coding,AAATTG,CCTACA,CCTGATGCGCTACGCTTATC,-1.6,U00096.3 E. coli MG1655 complete genome,758498,CCTGATGCGCTGCGCTTATCAGG,-,1,0.2637089228589163,545.0,0.7222222220000001,215.083899551744,0.263708922855829,0.631578947368421,0.7161394969018458,0.8023552924509207,0.431358425629,-0.80646391,7.8,0.4563506772371684,0.4024508311366246,0.7272727272727273
fbaA,CCTGATGCGCTACGCTTATC,AGG,coding,AAATTG,CCTACA,CCTGATGCGCTACGCTTATC,-1.6,U00096.3 E. coli MG1655 complete genome,3706032,CCTGATGCGCTCCGCTTATCAGG,-,1,0.0362557313729859,545.0,0.263157895,215.083899551744,0.0362557313689448,0.631578947368421,0.2470226663372507,0.8023552924509207,0.431358425629,-0.80646391,7.8,0.4563506772371684,0.4024508311366246,0.7272727272727273
fbaA,CCTGATGCGCTACGCTTATC,AGG,coding,AAATTG,CCTACA,CCTGATGCGCTACGCTTATC,-1.6,U00096.3 E. coli MG1655 complete genome,3908387,CCTGATGCACTTCGCTAATCAGG,+,3,0.0001866093894361,462.5,0.1142857141253968,187.73800813233964,0.0001866093852437,0.3421052631578947,0.094890510681573,0.1961742894863087,0.431358425629,-0.80646391,7.8,0.4563506772371684,0.4024508311366246,0.7272727272727273
fbaA,CCTGATGCGCTACGCTTATC,AGG,coding,AAATTG,CCTACA,CCTGATGCGCTACGCTTATC,-1.6,U00096.3 E. coli MG1655 complete genome,1552139,CCTGATGCGCTACGCTTATCAGG,-,0,1.0,650.0,1.0,224.0,1.0,1.0,1.0,1.0,0.431358425629,-0.80646391,7.8,0.4563506772371684,0.4024508311366246,0.7272727272727273
fbaA,CCTGATGCGCTACGCTTATC,AGG,coding,AAATTG,CCTACA,CCTGATGCGCTACGCTTATC,-1.6,U00096.3 E. coli MG1655 complete genome,4108571,CCTGATGCGCTTCGCTTATCAGG,+,1,0.1064689984875766,545.0,0.333333333,215.083899551744,0.1064689984838299,0.631578947368421,0.3187347927688091,0.8023552924509207,0.431358425629,-0.80646391,7.8,0.4563506772371684,0.4024508311366246,0.7272727272727273
fbaA,CCTGATGCGCTACGCTTATC,AGG,coding,AAATTG,CCTACA,CCTGATGCGCTACGCTTATC,-1.6,U00096.3 E. coli MG1655 complete genome,1552317,CCTGATGCGCTACGCTTATCAGG,-,0,1.0,650.0,1.0,224.0,1.0,1.0,1.0,1.0,0.431358425629,-0.80646391,7.8,0.4563506772371684,0.4024508311366246,0.7272727272727273
fbaA,CCTGATGCGCTACGCTTATC,AGG,coding,AAATTG,CCTACA,CCTGATGCGCTACGCTTATC,-1.6,U00096.3 E. coli MG1655 complete genome,361208,CCTGATACGCTGCGCTTATCAGG,-,2,2.9254020132682225e-05,537.5,0.7222222220000001,211.500718751744,2.925401593965469e-05,0.6052631578947368,0.7161394969018458,0.7229263172591938,0.431358425629,-0.80646391,7.8,0.4563506772371684,0.4024508311366246,0.7272727272727273
fbaA,CCTGATGCGCTACGCTTATC,AGG,coding,AAATTG,CCTACA,CCTGATGCGCTACGCTTATC,-1.6,U00096.3 E. coli MG1655 complete genome,2549466,CCTGATGCGCTACGCTTATCAGG,+,0,1.0,650.0,1.0,224.0,1.0,1.0,1.0,1.0,0.431358425629,-0.80646391,7.8,0.4563506772371684,0.4024508311366246,0.7272727272727273
fbaA,CCTGATGCGCTACGCTTATC,AGG,coding,AAATTG,CCTACA,CCTGATGCGCTACGCTTATC,-1.6,U00096.3 E. coli MG1655 complete genome,3150667,CCTGATGCGCTACGCTTATCAGG,-,0,1.0,650.0,1.0,224.0,1.0,1.0,1.0,1.0,0.431358425629,-0.80646391,7.8,0.4563506772371684,0.4024508311366246,0.7272727272727273
fbaA,CCTGATGCGCTACGCTTATC,AGG,coding,AAATTG,CCTACA,CCTGATGCGCTACGCTTATC,-1.6,U00096.3 E. coli MG1655 complete genome,845701,CCTGATGCGCTACGCTTATCAGG,-,0,1.0,650.0,1.0,224.0,1.0,1.0,1.0,1.0,0.431358425629,-0.80646391,7.8,0.4563506772371684,0.4024508311366246,0.7272727272727273
fbaA,CCTGATGCGCTACGCTTATC,AGG,coding,AAATTG,CCTACA,CCTGATGCGCTACGCTTATC,-1.6,U00096.3 E. coli MG1655 complete genome,3150780,CCTGATGCGCTACGCTCATCAGG,-,1,0.22854491851411,575.0,0.705882353,201.8138889325957,0.2285449185108752,0.7368421052631579,0.6994418205495713,0.5081967213114759,0.431358425629,-0.80646391,7.8,0.4563506772371684,0.4024508311366246,0.7272727272727273
fbaA,CCTGATGCGCTACGCTTATC,AGG,coding,AAATTG,CCTACA,CCTGATGCGCTACGCTTATC,-1.6,U00096.3 E. coli MG1655 complete genome,3070072,CCTGATGCGCTACGCTTATCAGG,-,0,1.0,650.0,1.0,224.0,1.0,1.0,1.0,1.0,0.431358425629,-0.80646391,7.8,0.4563506772371684,0.4024508311366246,0.7272727272727273
fbaA,CCTGATGCGCTACGCTTATC,AGG,coding,AAATTG,CCTACA,CCTGATGCGCTACGCTTATC,-1.6,U00096.3 E. coli MG1655 complete genome,2291201,CCTGATGCGCTACGCTTATCAGG,+,0,1.0,650.0,1.0,224.0,1.0,1.0,1.0,1.0,0.431358425629,-0.80646391,7.8,0.4563506772371684,0.4024508311366246,0.7272727272727273
fbaA,CCTGATGCGCTACGCTTATC,AGG,coding,AAATTG,CCTACA,CCTGATGCGCTACGCTTATC,-1.6,U00096.3 E. coli MG1655 complete genome,1366833,TCTGATGCGCTGCGCTTATCAGG,+,2,0.2637089228589163,537.5,0.7222222220000001,213.883899551744,0.263708922855829,0.6052631578947368,0.7161394969018458,0.775754689369415,0.431358425629,-0.80646391,7.8,0.4563506772371684,0.4024508311366246,0.7272727272727273
fbaA,CCTGATGCGCTACGCTTATC,AGG,coding,AAATTG,CCTACA,CCTGATGCGCTACGCTTATC,-1.6,U00096.3 E. coli MG1655 complete genome,3592634,CCTGATGCGCTGCGCTTATCAGG,-,1,0.2637089228589163,545.0,0.7222222220000001,215.083899551744,0.263708922855829,0.631578947368421,0.7161394969018458,0.8023552924509207,0.431358425629,-0.80646391,7.8,0.4563506772371684,0.4024508311366246,0.7272727272727273
fbaA,CCTGATGCGCTACGCTTATC,AGG,coding,AAATTG,CCTACA,CCTGATGCGCTACGCTTATC,-1.6,U00096.3 E. coli MG1655 complete genome,3012526,CCTGATGCGCTACGCTTATCAGG,-,0,1.0,650.0,1.0,224.0,1.0,1.0,1.0,1.0,0.431358425629,-0.80646391,7.8,0.4563506772371684,0.4024508311366246,0.7272727272727273
fbaA,CCTGATGCGCTACGCTTATC,AGG,coding,AAATTG,CCTACA,CCTGATGCGCTACGCTTATC,-1.6,U00096.3 E. coli MG1655 complete genome,339808,CCTGATGCGCTACGCTTATCAGG,-,0,1.0,650.0,1.0,224.0,1.0,1.0,1.0,1.0,0.431358425629,-0.80646391,7.8,0.4563506772371684,0.4024508311366246,0.7272727272727273
fbaA,CCTGATGCGCTACGCTTATC,AGG,coding,AAATTG,CCTACA,CCTGATGCGCTACGCTTATC,-1.6,U00096.3 E. coli MG1655 complete genome,707837,CCTGATGCGCTACGCTTATCAGG,+,0,1.0,650.0,1.0,224.0,1.0,1.0,1.0,1.0,0.431358425629,-0.80646391,7.8,0.4563506772371684,0.4024508311366246,0.7272727272727273
fbaA,CCTGATGCGCTACGCTTATC,AGG,coding,AAATTG,CCTACA,CCTGATGCGCTACGCTTATC,-1.6,U00096.3 E. coli MG1655 complete genome,4569946,CCTGATGCGCTATGCTTATCAGG,+,1,0.0217119488577499,545.0,0.7,213.3006794620928,0.0217119488536478,0.631578947368421,0.6934306568992488,0.762826350941105,0.431358425629,-0.80646391,7.8,0.4563506772371684,0.4024508311366246,0.7272727272727273
fbaA,CCTGATGCGCTACGCTTATC,AGG,coding,AAATTG,CCTACA,CCTGATGCGCTACGCTTATC,-1.6,U00096.3 E. coli MG1655 complete genome,4128020,CCTGATGCGCTACGCTTATCAGG,-,0,1.0,650.0,1.0,224.0,1.0,1.0,1.0,1.0,0.431358425629,-0.80646391,7.8,0.4563506772371684,0.4024508311366246,0.7272727272727273
fbaA,CCTGATGCGCTACGCTTATC,AGG,coding,AAATTG,CCTACA,CCTGATGCGCTACGCTTATC,-1.6,U00096.3 E. coli MG1655 complete genome,339901,CCTGATGCGCTACGCTTATCAGG,-,0,1.0,650.0,1.0,224.0,1.0,1.0,1.0,1.0,0.431358425629,-0.80646391,7.8,0.4563506772371684,0.4024508311366246,0.7272727272727273
fbaA,CCTGATGCGCTACGCTTATC,AGG,coding,AAATTG,CCTACA,CCTGATGCGCTACGCTTATC,-1.6,U00096.3 E. coli MG1655 complete genome,3101746,CCTGATGCGCTACGCTTATCAGG,-,0,1.0,650.0,1.0,224.0,1.0,1.0,1.0,1.0,0.431358425629,-0.80646391,7.8,0.4563506772371684,0.4024508311366246,0.7272727272727273
fbaA,CCTGATGCGCTACGCTTATC,AGG,coding,AAATTG,CCTACA,CCTGATGCGCTACGCTTATC,-1.6,U00096.3 E. coli MG1655 complete genome,339994,CCTGATGCGCTACGCTTATCAGG,-,0,1.0,650.0,1.0,224.0,1.0,1.0,1.0,1.0,0.431358425629,-0.80646391,7.8,0.4563506772371684,0.4024508311366246,0.7272727272727273
fbaA,CCTGATGCGCTACGCTTATC,AGG,coding,AAATTG,CCTACA,CCTGATGCGCTACGCTTATC,-1.6,U00096.3 E. coli MG1655 complete genome,340086,CCTGATGCGCTACGCTTATCAGG,-,0,1.0,650.0,1.0,224.0,1.0,1.0,1.0,1.0,0.431358425629,-0.80646391,7.8,0.4563506772371684,0.4024508311366246,0.7272727272727273
fbaA,CCTGATGCGCTACGCTTATC,AGG,coding,AAATTG,CCTACA,CCTGATGCGCTACGCTTATC,-1.6,U00096.3 E. coli MG1655 complete genome,1691425,CCTGATGCGCTACGCTTATCAGG,+,0,1.0,650.0,1.0,224.0,1.0,1.0,1.0,1.0,0.431358425629,-0.80646391,7.8,0.4563506772371684,0.4024508311366246,0.7272727272727273
fbaA,CCTGATGCGCTACGCTTATC,AGG,coding,AAATTG,CCTACA,CCTGATGCGCTACGCTTATC,-1.6,U00096.3 E. coli MG1655 complete genome,4409222,CCTGATGCACTACGTTTATCCGG,-,3,0.0015851263689062,537.5,0.0428571430809523,203.43319807341365,0.0015851263647197,0.6052631578947368,0.0218978103358374,0.5440922210791039,0.431358425629,-0.80646391,7.8,0.4563506772371684,0.4024508311366246,0.7272727272727273
fbaA,CCTGATGCGCTACGCTTATC,AGG,coding,AAATTG,CCTACA,CCTGATGCGCTACGCTTATC,-1.6,U00096.3 E. coli MG1655 complete genome,430968,CCTGATGCGCTACGCTTATCAGG,+,0,1.0,650.0,1.0,224.0,1.0,1.0,1.0,1.0,0.431358425629,-0.80646391,7.8,0.4563506772371684,0.4024508311366246,0.7272727272727273
fbaA,CCTGATGCGCTACGCTTATC,AGG,coding,AAATTG,CCTACA,CCTGATGCGCTACGCTTATC,-1.6,U00096.3 E. coli MG1655 complete genome,543155,CCTGATGCGCTTCGCTTATCAGG,-,1,0.1064689984875766,545.0,0.333333333,215.083899551744,0.1064689984838299,0.631578947368421,0.3187347927688091,0.8023552924509207,0.431358425629,-0.80646391,7.8,0.4563506772371684,0.4024508311366246,0.7272727272727273
fbaA,CCTGATGCGCTACGCTTATC,AGG,coding,AAATTG,CCTACA,CCTGATGCGCTACGCTTATC,-1.6,U00096.3 E. coli MG1655 complete genome,445258,CCTGCTGCGCTACGCTTATCAGG,-,1,0.0117926510992377,642.5,0.5,221.51168,0.011792651095094,0.9736842105263158,0.4890510948320812,0.9448409894501896,0.431358425629,-0.80646391,7.8,0.4563506772371684,0.4024508311366246,0.7272727272727273
fbaA,CCTGATGCGCTACGCTTATC,AGG,coding,AAATTG,CCTACA,CCTGATGCGCTACGCTTATC,-1.6,U00096.3 E. coli MG1655 complete genome,857616,CCTGATGCGCTACGCTTATCAGG,+,0,1.0,650.0,1.0,224.0,1.0,1.0,1.0,1.0,0.431358425629,-0.80646391,7.8,0.4563506772371684,0.4024508311366246,0.7272727272727273
fbaA,CCTGATGCGCTACGCTTATC,AGG,coding,AAATTG,CCTACA,CCTGATGCGCTACGCTTATC,-1.6,U00096.3 E. coli MG1655 complete genome,3330529,CCTGATGCGCTACGCTTATCAGG,-,0,1.0,650.0,1.0,224.0,1.0,1.0,1.0,1.0,0.431358425629,-0.80646391,7.8,0.4563506772371684,0.4024508311366246,0.7272727272727273
fbaA,CCTGATGCGCTACGCTTATC,AGG,coding,AAATTG,CCTACA,CCTGATGCGCTACGCTTATC,-1.6,U00096.3 E. coli MG1655 complete genome,1068354,CCTGATGCGCGATGCTTATCAGG,+,2,7.120167047016533e-05,440.0,0.2799999999999999,205.8705957552128,7.12016662773137e-05,0.2631578947368421,0.264233576558197,0.598122427983539,0.431358425629,-0.80646391,7.8,0.4563506772371684,0.4024508311366246,0.7272727272727273
fbaA,CCTGATGCGCTACGCTTATC,AGG,coding,AAATTG,CCTACA,CCTGATGCGCTACGCTTATC,-1.6,U00096.3 E. coli MG1655 complete genome,2714283,CCTGATGCGCTACGCTTATCAGG,+,0,1.0,650.0,1.0,224.0,1.0,1.0,1.0,1.0,0.431358425629,-0.80646391,7.8,0.4563506772371684,0.4024508311366246,0.7272727272727273
fbaA,CCTGATGCGCTACGCTTATC,AGG,coding,AAATTG,CCTACA,CCTGATGCGCTACGCTTATC,-1.6,U00096.3 E. coli MG1655 complete genome,3650783,CCTGATGCGCTACGCCTGTCAGG,-,2,9.023248468437442e-05,500.0,0.2666666668,178.88824082961114,9.02324804916026e-05,0.4736842105263157,0.2506082725566389,0.0,0.431358425629,-0.80646391,7.8,0.4563506772371684,0.4024508311366246,0.7272727272727273
fbaA,CCTGATGCGCTACGCTTATC,AGG,coding,AAATTG,CCTACA,CCTGATGCGCTACGCTTATC,-1.6,U00096.3 E. coli MG1655 complete genome,357534,CCTGATGCGCTACGCTTATCAGG,-,0,1.0,650.0,1.0,224.0,1.0,1.0,1.0,1.0,0.431358425629,-0.80646391,7.8,0.4563506772371684,0.4024508311366246,0.7272727272727273
fbaA,CCTGATGCGCTACGCTTATC,AGG,coding,AAATTG,CCTACA,CCTGATGCGCTACGCTTATC,-1.6,U00096.3 E. coli MG1655 complete genome,4344815,CCTGATGCGATATGTTTATCAGG,+,3,5.849035078178398e-06,432.5,0.0404444446622222,191.70192146510647,5.849030885052731e-06,0.2368421052631578,0.0194322791047363,0.2840430271649917,0.431358425629,-0.80646391,7.8,0.4563506772371684,0.4024508311366246,0.7272727272727273
fbaA,CCTGATGCGCTACGCTTATC,AGG,coding,AAATTG,CCTACA,CCTGATGCGCTACGCTTATC,-1.6,U00096.3 E. coli MG1655 complete genome,815585,CCTGATGCGCTACGCTTATCAGG,+,0,1.0,650.0,1.0,224.0,1.0,1.0,1.0,1.0,0.431358425629,-0.80646391,7.8,0.4563506772371684,0.4024508311366246,0.7272727272727273
fbaA,CCTGATGCGCTACGCTTATC,AGG,coding,AAATTG,CCTACA,CCTGATGCGCTACGCTTATC,-1.6,U00096.3 E. coli MG1655 complete genome,899765,CCTGATGCGCTACGCTTATCAGG,-,0,1.0,650.0,1.0,224.0,1.0,1.0,1.0,1.0,0.431358425629,-0.80646391,7.8,0.4563506772371684,0.4024508311366246,0.7272727272727273
fbaA,CCTGATGCGCTACGCTTATC,AGG,coding,AAATTG,CCTACA,CCTGATGCGCTACGCTTATC,-1.6,U00096.3 E. coli MG1655 complete genome,277675,CCTGATGCGCTGCGCTTATCAGG,-,1,0.2637089228589163,545.0,0.7222222220000001,215.083899551744,0.263708922855829,0.631578947368421,0.7161394969018458,0.8023552924509207,0.431358425629,-0.80646391,7.8,0.4563506772371684,0.4024508311366246,0.7272727272727273
fbaA,CCTGATGCGCTACGCTTATC,AGG,coding,AAATTG,CCTACA,CCTGATGCGCTACGCTTATC,-1.6,U00096.3 E. coli MG1655 complete genome,357734,CCTGATGCGCTACGCTTATCAGG,-,0,1.0,650.0,1.0,224.0,1.0,1.0,1.0,1.0,0.431358425629,-0.80646391,7.8,0.4563506772371684,0.4024508311366246,0.7272727272727273
fbaA,CCTGATGCGCTACGCTTATC,AGG,coding,AAATTG,CCTACA,CCTGATGCGCTACGCTTATC,-1.6,U00096.3 E. coli MG1655 complete genome,4618117,CCTGATGCGCTGCGCTTATCAGG,+,1,0.2637089228589163,545.0,0.7222222220000001,215.083899551744,0.263708922855829,0.631578947368421,0.7161394969018458,0.8023552924509207,0.431358425629,-0.80646391,7.8,0.4563506772371684,0.4024508311366246,0.7272727272727273
fbaA,CCTGATGCGCTACGCTTATC,AGG,coding,AAATTG,CCTACA,CCTGATGCGCTACGCTTATC,-1.6,U00096.3 E. coli MG1655 complete genome,3639278,CCTGATGCGCTACGCTTATCAGG,-,0,1.0,650.0,1.0,224.0,1.0,1.0,1.0,1.0,0.431358425629,-0.80646391,7.8,0.4563506772371684,0.4024508311366246,0.7272727272727273
fbaA,CCTGATGCGCTACGCTTATC,AGG,coding,AAATTG,CCTACA,CCTGATGCGCTACGCTTATC,-1.6,U00096.3 E. coli MG1655 complete genome,610117,CCTGATGCGCTACGCTTATCAGG,+,0,1.0,650.0,1.0,224.0,1.0,1.0,1.0,1.0,0.431358425629,-0.80646391,7.8,0.4563506772371684,0.4024508311366246,0.7272727272727273
fbaA,CCTGATGCGCTACGCTTATC,AGG,coding,AAATTG,CCTACA,CCTGATGCGCTACGCTTATC,-1.6,U00096.3 E. coli MG1655 complete genome,1113417,CCTGATGCGCTACGCTTATCAGG,+,0,1.0,650.0,1.0,224.0,1.0,1.0,1.0,1.0,0.431358425629,-0.80646391,7.8,0.4563506772371684,0.4024508311366246,0.7272727272727273
fbaA,CCTGATGCGCTACGCTTATC,AGG,coding,AAATTG,CCTACA,CCTGATGCGCTACGCTTATC,-1.6,U00096.3 E. coli MG1655 complete genome,699494,CCTGATGCGCTACGCTTATCAGG,-,0,1.0,650.0,1.0,224.0,1.0,1.0,1.0,1.0,0.431358425629,-0.80646391,7.8,0.4563506772371684,0.4024508311366246,0.7272727272727273
fbaA,CCTGATGCGCTACGCTTATC,AGG,coding,AAATTG,CCTACA,CCTGATGCGCTACGCTTATC,-1.6,U00096.3 E. coli MG1655 complete genome,4253932,CCTGATGCGCGGCGCTTCTCAGG,+,3,0.0002477807090509,365.0,0.0550264548719576,181.0304825639788,0.0002477807048587,0.0,0.0343336034083598,0.0474874350671254,0.431358425629,-0.80646391,7.8,0.4563506772371684,0.4024508311366246,0.7272727272727273
fbaA,CCTGATGCGCTACGCTTATC,AGG,coding,AAATTG,CCTACA,CCTGATGCGCTACGCTTATC,-1.6,U00096.3 E. coli MG1655 complete genome,4137858,CCTGATGCGCTACGCTTATCAGG,-,0,1.0,650.0,1.0,224.0,1.0,1.0,1.0,1.0,0.431358425629,-0.80646391,7.8,0.4563506772371684,0.4024508311366246,0.7272727272727273
fbaA,CCTGATGCGCTACGCTTATC,AGG,coding,AAATTG,CCTACA,CCTGATGCGCTACGCTTATC,-1.6,U00096.3 E. coli MG1655 complete genome,2654970,CCTGATGCGCTACGCTTATCAGG,+,0,1.0,650.0,1.0,224.0,1.0,1.0,1.0,1.0,0.431358425629,-0.80646391,7.8,0.4563506772371684,0.4024508311366246,0.7272727272727273
fbaA,CCTGATGCGCTACGCTTATC,AGG,coding,AAATTG,CCTACA,CCTGATGCGCTACGCTTATC,-1.6,U00096.3 E. coli MG1655 complete genome,832289,CCTGATGCGCTACGCTTATCAGG,+,0,1.0,650.0,1.0,224.0,1.0,1.0,1.0,1.0,0.431358425629,-0.80646391,7.8,0.4563506772371684,0.4024508311366246,0.7272727272727273
fbaA,CCTGATGCGCTACGCTTATC,AGG,coding,AAATTG,CCTACA,CCTGATGCGCTACGCTTATC,-1.6,U00096.3 E. coli MG1655 complete genome,715264,CCTGATGCGCTACGCTTATCAGG,+,0,1.0,650.0,1.0,224.0,1.0,1.0,1.0,1.0,0.431358425629,-0.80646391,7.8,0.4563506772371684,0.4024508311366246,0.7272727272727273
fbaA,CCTGATGCGCTACGCTTATC,AGG,coding,AAATTG,CCTACA,CCTGATGCGCTACGCTTATC,-1.6,U00096.3 E. coli MG1655 complete genome,2945896,CCTGATGCGCTACGCTTATCAGG,+,0,1.0,650.0,1.0,224.0,1.0,1.0,1.0,1.0,0.431358425629,-0.80646391,7.8,0.4563506772371684,0.4024508311366246,0.7272727272727273
fbaA,CCTGATAAGCGTAGCGCATC,AGG,non-coding,TGTAGG,CAATTT,CCTGATAAGCGTAGCGCATC,-1.9,U00096.3 E. coli MG1655 complete genome,770749,ACTGGCAAGCGTAGCGCATCAGG,+,3,1.941296445000768e-10,627.5,0.65454545448,217.325696,1.899364943080321e-10,0.9210526315789472,0.6469807563625501,0.8520495737089103,0.486322432629,-0.53951431,8.4,0.5293094937904136,0.4561088437381458,0.8181818181818182
fbaA,CCTGATAAGCGTAGCGCATC,AGG,non-coding,TGTAGG,CAATTT,CCTGATAAGCGTAGCGCATC,-1.9,U00096.3 E. coli MG1655 complete genome,1180350,CCTGATAAGCGTAGTGCATCAGG,-,1,0.1178388776653079,545.0,0.066666667,208.59297842541363,0.1178388776616089,0.631578947368421,0.0462287106938509,0.6584699453551911,0.486322432629,-0.53951431,8.4,0.5293094937904136,0.4561088437381458,0.8181818181818182
fbaA,CCTGATAAGCGTAGCGCATC,AGG,non-coding,TGTAGG,CAATTT,CCTGATAAGCGTAGCGCATC,-1.9,U00096.3 E. coli MG1655 complete genome,3563578,CCTGATAAGCGTAGCGCATCAGG,-,0,1.0,650.0,1.0,224.0,1.0,1.0,1.0,1.0,0.486322432629,-0.53951431,8.4,0.5293094937904136,0.4561088437381458,0.8181818181818182
fbaA,CCTGATAAGCGTAGCGCATC,AGG,non-coding,TGTAGG,CAATTT,CCTGATAAGCGTAGCGCATC,-1.9,U00096.3 E. coli MG1655 complete genome,2828557,CCTGATGAGCGTAGCGCATCAGG,-,1,0.0008339858501502,642.5,0.705882353,220.4168192,0.0008339858459605,0.9736842105263158,0.6994418205495713,0.9205710248082724,0.486322432629,-0.53951431,8.4,0.5293094937904136,0.4561088437381458,0.8181818181818182
fbaA,CCTGATAAGCGTAGCGCATC,AGG,non-coding,TGTAGG,CAATTT,CCTGATAAGCGTAGCGCATC,-1.9,U00096.3 E. coli MG1655 complete genome,3827392,CTTGATAAGCGAAGCGTATCAGG,+,3,0.0002661247367086,462.5,0.3393939396024243,191.4577884843397,0.0002661247325165,0.3421052631578947,0.3249281133851334,0.2786312900645895,0.486322432629,-0.53951431,8.4,0.5293094937904136,0.4561088437381458,0.8181818181818182
fbaA,CCTGATAAGCGTAGCGCATC,AGG,non-coding,TGTAGG,CAATTT,CCTGATAAGCGTAGCGCATC,-1.9,U00096.3 E. coli MG1655 complete genome,3512507,CCTGATAAGCGTAGCGCATCAGG,-,0,1.0,650.0,1.0,224.0,1.0,1.0,1.0,1.0,0.486322432629,-0.53951431,8.4,0.5293094937904136,0.4561088437381458,0.8181818181818182
fbaA,CCTGATAAGCGTAGCGCATC,AGG,non-coding,TGTAGG,CAATTT,CCTGATAAGCGTAGCGCATC,-1.9,U00096.3 E. coli MG1655 complete genome,3269718,CCTGATAAGCGTAGCGCATCAGG,-,0,1.0,650.0,1.0,224.0,1.0,1.0,1.0,1.0,0.486322432629,-0.53951431,8.4,0.5293094937904136,0.4561088437381458,0.8181818181818182
fbaA,CCTGATAAGCGTAGCGCATC,AGG,non-coding,TGTAGG,CAATTT,CCTGATAAGCGTAGCGCATC,-1.9,U00096.3 E. coli MG1655 complete genome,815581,CCTGATAAGCGTAGCGCATCAGG,-,0,1.0,650.0,1.0,224.0,1.0,1.0,1.0,1.0,0.486322432629,-0.53951431,8.4,0.5293094937904136,0.4561088437381458,0.8181818181818182
fbaA,CCTGATAAGCGTAGCGCATC,AGG,non-coding,TGTAGG,CAATTT,CCTGATAAGCGTAGCGCATC,-1.9,U00096.3 E. coli MG1655 complete genome,857612,CCTGATAAGCGTAGCGCATCAGG,-,0,1.0,650.0,1.0,224.0,1.0,1.0,1.0,1.0,0.486322432629,-0.53951431,8.4,0.5293094937904136,0.4561088437381458,0.8181818181818182
fbaA,CCTGATAAGCGTAGCGCATC,AGG,non-coding,TGTAGG,CAATTT,CCTGATAAGCGTAGCGCATC,-1.9,U00096.3 E. coli MG1655 complete genome,699498,CCTGATAAGCGTAGCGCATCAGG,+,0,1.0,650.0,1.0,224.0,1.0,1.0,1.0,1.0,0.486322432629,-0.53951431,8.4,0.5293094937904136,0.4561088437381458,0.8181818181818182
fbaA,CCTGATAAGCGTAGCGCATC,AGG,non-coding,TGTAGG,CAATTT,CCTGATAAGCGTAGCGCATC,-1.9,U00096.3 E. coli MG1655 complete genome,1816258,CCTGATAAGCGAAGCGCATCAGG,+,1,0.2213960830523153,545.0,0.8,215.083899551744,0.2213960830490506,0.631578947368421,0.7956204379328325,0.8023552924509207,0.486322432629,-0.53951431,8.4,0.5293094937904136,0.4561088437381458,0.8181818181818182
fbaA,CCTGATAAGCGTAGCGCATC,AGG,non-coding,TGTAGG,CAATTT,CCTGATAAGCGTAGCGCATC,-1.9,U00096.3 E. coli MG1655 complete genome,899769,CCTGATAAGCGTAGCGCATCAGG,+,0,1.0,650.0,1.0,224.0,1.0,1.0,1.0,1.0,0.486322432629,-0.53951431,8.4,0.5293094937904136,0.4561088437381458,0.8181818181818182
fbaA,CCTGATAAGCGTAGCGCATC,AGG,non-coding,TGTAGG,CAATTT,CCTGATAAGCGTAGCGCATC,-1.9,U00096.3 E. coli MG1655 complete genome,1954502,CCTGATAAGCATAGCGCATCAGG,+,1,0.034289552847318,545.0,1.0,216.56991629312,0.0342895528432686,0.631578947368421,1.0,0.835296077042434,0.486322432629,-0.53951431,8.4,0.5293094937904136,0.4561088437381458,0.8181818181818182
fbaA,CCTGATAAGCGTAGCGCATC,AGG,non-coding,TGTAGG,CAATTT,CCTGATAAGCGTAGCGCATC,-1.9,U00096.3 E. coli MG1655 complete genome,832285,CCTGATAAGCGTAGCGCATCAGG,-,0,1.0,650.0,1.0,224.0,1.0,1.0,1.0,1.0,0.486322432629,-0.53951431,8.4,0.5293094937904136,0.4561088437381458,0.8181818181818182
fbaA,CCTGATAAGCGTAGCGCATC,AGG,non-coding,TGTAGG,CAATTT,CCTGATAAGCGTAGCGCATC,-1.9,U00096.3 E. coli MG1655 complete genome,715260,CCTGATAAGCGTAGCGCATCAGG,-,0,1.0,650.0,1.0,224.0,1.0,1.0,1.0,1.0,0.486322432629,-0.53951431,8.4,0.5293094937904136,0.4561088437381458,0.8181818181818182
fbaA,CCTGATAAGCGTAGCGCATC,AGG,non-coding,TGTAGG,CAATTT,CCTGATAAGCGTAGCGCATC,-1.9,U00096.3 E. coli MG1655 complete genome,610113,CCTGATAAGCGTAGCGCATCAGG,-,0,1.0,650.0,1.0,224.0,1.0,1.0,1.0,1.0,0.486322432629,-0.53951431,8.4,0.5293094937904136,0.4561088437381458,0.8181818181818182
fbaA,CCTGATAAGCGTAGCGCATC,AGG,non-coding,TGTAGG,CAATTT,CCTGATAAGCGTAGCGCATC,-1.9,U00096.3 E. coli MG1655 complete genome,707833,CCTGATAAGCGTAGCGCATCAGG,-,0,1.0,650.0,1.0,224.0,1.0,1.0,1.0,1.0,0.486322432629,-0.53951431,8.4,0.5293094937904136,0.4561088437381458,0.8181818181818182
fbaA,CCTGATAAGCGTAGCGCATC,AGG,non-coding,TGTAGG,CAATTT,CCTGATAAGCGTAGCGCATC,-1.9,U00096.3 E. coli MG1655 complete genome,1068350,CCTGATAAGCATCGCGCATCAGG,-,2,0.0001367532615777,440.0,0.210526316,205.8705957552128,0.0001367532573852,0.2631578947368421,0.1932385710026331,0.598122427983539,0.486322432629,-0.53951431,8.4,0.5293094937904136,0.4561088437381458,0.8181818181818182
fbaA,CCTGATAAGCGTAGCGCATC,AGG,non-coding,TGTAGG,CAATTT,CCTGATAAGCGTAGCGCATC,-1.9,U00096.3 E. coli MG1655 complete genome,984434,CCTGATAAGCGTAGCGCATCAGG,+,0,1.0,650.0,1.0,224.0,1.0,1.0,1.0,1.0,0.486322432629,-0.53951431,8.4,0.5293094937904136,0.4561088437381458,0.8181818181818182
fbaA,CCTGATAAGCGTAGCGCATC,AGG,non-coding,TGTAGG,CAATTT,CCTGATAAGCGTAGCGCATC,-1.9,U00096.3 E. coli MG1655 complete genome,3706036,CCTGATAAGCGGAGCGCATCAGG,+,1,0.1783705151571873,545.0,0.5,215.083899551744,0.1783705151537421,0.631578947368421,0.4890510948320812,0.8023552924509207,0.486322432629,-0.53951431,8.4,0.5293094937904136,0.4561088437381458,0.8181818181818182
fbaA,CCTGATAAGCGTAGCGCATC,AGG,non-coding,TGTAGG,CAATTT,CCTGATAAGCGTAGCGCATC,-1.9,U00096.3 E. coli MG1655 complete genome,3304508,CCTGATAAGCGAAGCGCATCAGG,+,1,0.2213960830523153,545.0,0.8,215.083899551744,0.2213960830490506,0.631578947368421,0.7956204379328325,0.8023552924509207,0.486322432629,-0.53951431,8.4,0.5293094937904136,0.4561088437381458,0.8181818181818182
fbaA,CCTGATAAGCGTAGCGCATC,AGG,non-coding,TGTAGG,CAATTT,CCTGATAAGCGTAGCGCATC,-1.9,U00096.3 E. coli MG1655 complete genome,758502,CCTGATAAGCGCAGCGCATCAGG,+,1,0.1593007211468575,545.0,0.947368421,215.083899551744,0.1593007211433324,0.631578947368421,0.9462159046653824,0.8023552924509207,0.486322432629,-0.53951431,8.4,0.5293094937904136,0.4561088437381458,0.8181818181818182
fbaA,CCTGATAAGCGTAGCGCATC,AGG,non-coding,TGTAGG,CAATTT,CCTGATAAGCGTAGCGCATC,-1.9,U00096.3 E. coli MG1655 complete genome,2684113,CCTGATAAGCGTAGCGCATCAGG,-,0,1.0,650.0,1.0,224.0,1.0,1.0,1.0,1.0,0.486322432629,-0.53951431,8.4,0.5293094937904136,0.4561088437381458,0.8181818181818182
fbaA,CCTGATAAGCGTAGCGCATC,AGG,non-coding,TGTAGG,CAATTT,CCTGATAAGCGTAGCGCATC,-1.9,U00096.3 E. coli MG1655 complete genome,1113413,CCTGATAAGCGTAGCGCATCAGG,-,0,1.0,650.0,1.0,224.0,1.0,1.0,1.0,1.0,0.486322432629,-0.53951431,8.4,0.5293094937904136,0.4561088437381458,0.8181818181818182
fbaA,CCTGATAAGCGTAGCGCATC,AGG,non-coding,TGTAGG,CAATTT,CCTGATAAGCGTAGCGCATC,-1.9,U00096.3 E. coli MG1655 complete genome,2654966,CCTGATAAGCGTAGCGCATCAGG,-,0,1.0,650.0,1.0,224.0,1.0,1.0,1.0,1.0,0.486322432629,-0.53951431,8.4,0.5293094937904136,0.4561088437381458,0.8181818181818182
fbaA,CCTGATAAGCGTAGCGCATC,AGG,non-coding,TGTAGG,CAATTT,CCTGATAAGCGTAGCGCATC,-1.9,U00096.3 E. coli MG1655 complete genome,845705,CCTGATAAGCGTAGCGCATCAGG,+,0,1.0,650.0,1.0,224.0,1.0,1.0,1.0,1.0,0.486322432629,-0.53951431,8.4,0.5293094937904136,0.4561088437381458,0.8181818181818182
fbaA,CCTGATAAGCGTAGCGCATC,AGG,non-coding,TGTAGG,CAATTT,CCTGATAAGCGTAGCGCATC,-1.9,U00096.3 E. coli MG1655 complete genome,4080093,CCTGATAAGCGCAGCGCATCAGG,+,1,0.1593007211468575,545.0,0.947368421,215.083899551744,0.1593007211433324,0.631578947368421,0.9462159046653824,0.8023552924509207,0.486322432629,-0.53951431,8.4,0.5293094937904136,0.4561088437381458,0.8181818181818182
fbaA,CCTGATAAGCGTAGCGCATC,AGG,non-coding,TGTAGG,CAATTT,CCTGATAAGCGTAGCGCATC,-1.9,U00096.3 E. coli MG1655 complete genome,3070076,CCTGATAAGCGTAGCGCATCAGG,+,0,1.0,650.0,1.0,224.0,1.0,1.0,1.0,1.0,0.486322432629,-0.53951431,8.4,0.5293094937904136,0.4561088437381458,0.8181818181818182
fbaA,CCTGATAAGCGTAGCGCATC,AGG,non-coding,TGTAGG,CAATTT,CCTGATAAGCGTAGCGCATC,-1.9,U00096.3 E. coli MG1655 complete genome,3101750,CCTGATAAGCGTAGCGCATCAGG,+,0,1.0,650.0,1.0,224.0,1.0,1.0,1.0,1.0,0.486322432629,-0.53951431,8.4,0.5293094937904136,0.4561088437381458,0.8181818181818182
fbaA,CCTGATAAGCGTAGCGCATC,AGG,non-coding,TGTAGG,CAATTT,CCTGATAAGCGTAGCGCATC,-1.9,U00096.3 E. coli MG1655 complete genome,2291197,CCTGATAAGCGTAGCGCATCAGG,-,0,1.0,650.0,1.0,224.0,1.0,1.0,1.0,1.0,0.486322432629,-0.53951431,8.4,0.5293094937904136,0.4561088437381458,0.8181818181818182
fbaA,CCTGATAAGCGTAGCGCATC,AGG,non-coding,TGTAGG,CAATTT,CCTGATAAGCGTAGCGCATC,-1.9,U00096.3 E. coli MG1655 complete genome,2945892,CCTGATAAGCGTAGCGCATCAGG,-,0,1.0,650.0,1.0,224.0,1.0,1.0,1.0,1.0,0.486322432629,-0.53951431,8.4,0.5293094937904136,0.4561088437381458,0.8181818181818182
fbaA,CCTGATAAGCGTAGCGCATC,AGG,non-coding,TGTAGG,CAATTT,CCTGATAAGCGTAGCGCATC,-1.9,U00096.3 E. coli MG1655 complete genome,2842477,CCCGATAAGCGCAGCGCATCGGG,+,3,0.0003052814267738,537.5,0.4060150379774436,213.355899551744,0.0003052814225819,0.6052631578947368,0.393008067936734,0.7640504240135526,0.486322432629,-0.53951431,8.4,0.5293094937904136,0.4561088437381458,0.8181818181818182
fbaA,CCTGATAAGCGTAGCGCATC,AGG,non-coding,TGTAGG,CAATTT,CCTGATAAGCGTAGCGCATC,-1.9,U00096.3 E. coli MG1655 complete genome,138695,CCTGATAAGCGTAGCGCATCAGG,-,0,1.0,650.0,1.0,224.0,1.0,1.0,1.0,1.0,0.486322432629,-0.53951431,8.4,0.5293094937904136,0.4561088437381458,0.8181818181818182
fbaA,CCTGATAAGCGTAGCGCATC,AGG,non-coding,TGTAGG,CAATTT,CCTGATAAGCGTAGCGCATC,-1.9,U00096.3 E. coli MG1655 complete genome,3774232,CCTGATAAGCGTAGCGCATCAGG,-,0,1.0,650.0,1.0,224.0,1.0,1.0,1.0,1.0,0.486322432629,-0.53951431,8.4,0.5293094937904136,0.4561088437381458,0.8181818181818182
fbaA,CCTGATAAGCGTAGCGCATC,AGG,non-coding,TGTAGG,CAATTT,CCTGATAAGCGTAGCGCATC,-1.9,U00096.3 E. coli MG1655 complete genome,2538608,CCTGATAAGCGTAGCGCATCAGG,+,0,1.0,650.0,1.0,224.0,1.0,1.0,1.0,1.0,0.486322432629,-0.53951431,8.4,0.5293094937904136,0.4561088437381458,0.8181818181818182
fbaA,CCTGATAAGCGTAGCGCATC,AGG,non-coding,TGTAGG,CAATTT,CCTGATAAGCGTAGCGCATC,-1.9,U00096.3 E. coli MG1655 complete genome,2002042,CCTGATAAGCGCAGCGCATCAGG,+,1,0.1593007211468575,545.0,0.947368421,215.083899551744,0.1593007211433324,0.631578947368421,0.9462159046653824,0.8023552924509207,0.486322432629,-0.53951431,8.4,0.5293094937904136,0.4561088437381458,0.8181818181818182
fbaA,CCTGATAAGCGTAGCGCATC,AGG,non-coding,TGTAGG,CAATTT,CCTGATAAGCGTAGCGCATC,-1.9,U00096.3 E. coli MG1655 complete genome,3252138,CCAGATAAGCGTAGCGCATCTGG,+,2,0.0201277900517871,642.5,0.7142857140000001,222.272,0.0201277900476784,0.9736842105263158,0.7080291967549328,0.9616951315626312,0.486322432629,-0.53951431,8.4,0.5293094937904136,0.4561088437381458,0.8181818181818182
fbaA,CCTGATAAGCGTAGCGCATC,AGG,non-coding,TGTAGG,CAATTT,CCTGATAAGCGTAGCGCATC,-1.9,U00096.3 E. coli MG1655 complete genome,339812,CCTGATAAGCGTAGCGCATCAGG,+,0,1.0,650.0,1.0,224.0,1.0,1.0,1.0,1.0,0.486322432629,-0.53951431,8.4,0.5293094937904136,0.4561088437381458,0.8181818181818182
fbaA,CCTGATAAGCGTAGCGCATC,AGG,non-coding,TGTAGG,CAATTT,CCTGATAAGCGTAGCGCATC,-1.9,U00096.3 E. coli MG1655 complete genome,4128024,CCTGATAAGCGTAGCGCATCAGG,+,0,1.0,650.0,1.0,224.0,1.0,1.0,1.0,1.0,0.486322432629,-0.53951431,8.4,0.5293094937904136,0.4561088437381458,0.8181818181818182
fbaA,CCTGATAAGCGTAGCGCATC,AGG,non-coding,TGTAGG,CAATTT,CCTGATAAGCGTAGCGCATC,-1.9,U00096.3 E. coli MG1655 complete genome,339905,CCTGATAAGCGTAGCGCATCAGG,+,0,1.0,650.0,1.0,224.0,1.0,1.0,1.0,1.0,0.486322432629,-0.53951431,8.4,0.5293094937904136,0.4561088437381458,0.8181818181818182
fbaA,CCTGATAAGCGTAGCGCATC,AGG,non-coding,TGTAGG,CAATTT,CCTGATAAGCGTAGCGCATC,-1.9,U00096.3 E. coli MG1655 complete genome,339998,CCTGATAAGCGTAGCGCATCAGG,+,0,1.0,650.0,1.0,224.0,1.0,1.0,1.0,1.0,0.486322432629,-0.53951431,8.4,0.5293094937904136,0.4561088437381458,0.8181818181818182
fbaA,CCTGATAAGCGTAGCGCATC,AGG,non-coding,TGTAGG,CAATTT,CCTGATAAGCGTAGCGCATC,-1.9,U00096.3 E. coli MG1655 complete genome,4373193,CCTGATAAGCGAAGCGCATCAGG,-,1,0.2213960830523153,545.0,0.8,215.083899551744,0.2213960830490506,0.631578947368421,0.7956204379328325,0.8023552924509207,0.486322432629,-0.53951431,8.4,0.5293094937904136,0.4561088437381458,0.8181818181818182
fbaA,CCTGATAAGCGTAGCGCATC,AGG,non-coding,TGTAGG,CAATTT,CCTGATAAGCGTAGCGCATC,-1.9,U00096.3 E. coli MG1655 complete genome,340090,CCTGATAAGCGTAGCGCATCAGG,+,0,1.0,650.0,1.0,224.0,1.0,1.0,1.0,1.0,0.486322432629,-0.53951431,8.4,0.5293094937904136,0.4561088437381458,0.8181818181818182
fbaA,CCTGATAAGCGTAGCGCATC,AGG,non-coding,TGTAGG,CAATTT,CCTGATAAGCGTAGCGCATC,-1.9,U00096.3 E. coli MG1655 complete genome,4050029,CCTGATAAACATAGCGCATCAGG,-,2,0.0001537502604493,537.5,0.642857143,211.41013594112,0.0001537502562568,0.6052631578947368,0.6350364964546148,0.7209183527663469,0.486322432629,-0.53951431,8.4,0.5293094937904136,0.4561088437381458,0.8181818181818182
fbaA,CCTGATAAGCGTAGCGCATC,AGG,non-coding,TGTAGG,CAATTT,CCTGATAAGCGTAGCGCATC,-1.9,U00096.3 E. coli MG1655 complete genome,3676117,CCTGATAAGCGTAGCGCATCAGG,-,0,1.0,650.0,1.0,224.0,1.0,1.0,1.0,1.0,0.486322432629,-0.53951431,8.4,0.5293094937904136,0.4561088437381458,0.8181818181818182
fbaA,CCTGATAAGCGTAGCGCATC,AGG,non-coding,TGTAGG,CAATTT,CCTGATAAGCGTAGCGCATC,-1.9,U00096.3 E. coli MG1655 complete genome,4108567,CCTGATAAGCGAAGCGCATCAGG,-,1,0.2213960830523153,545.0,0.8,215.083899551744,0.2213960830490506,0.631578947368421,0.7956204379328325,0.8023552924509207,0.486322432629,-0.53951431,8.4,0.5293094937904136,0.4561088437381458,0.8181818181818182
fbaA,CCTGATAAGCGTAGCGCATC,AGG,non-coding,TGTAGG,CAATTT,CCTGATAAGCGTAGCGCATC,-1.9,U00096.3 E. coli MG1655 complete genome,3590929,CCGGATAAGCGAAGCGCATCCGG,-,3,0.0006858863734275,537.5,0.4,213.355899551744,0.0006858863692372,0.6052631578947368,0.3868613137984975,0.7640504240135526,0.486322432629,-0.53951431,8.4,0.5293094937904136,0.4561088437381458,0.8181818181818182
fbaA,CCTGATAAGCGTAGCGCATC,AGG,non-coding,TGTAGG,CAATTT,CCTGATAAGCGTAGCGCATC,-1.9,U00096.3 E. coli MG1655 complete genome,1552143,CCTGATAAGCGTAGCGCATCAGG,+,0,1.0,650.0,1.0,224.0,1.0,1.0,1.0,1.0,0.486322432629,-0.53951431,8.4,0.5293094937904136,0.4561088437381458,0.8181818181818182
fbaA,CCTGATAAGCGTAGCGCATC,AGG,non-coding,TGTAGG,CAATTT,CCTGATAAGCGTAGCGCATC,-1.9,U00096.3 E. coli MG1655 complete genome,2714279,CCTGATAAGCGTAGCGCATCAGG,-,0,1.0,650.0,1.0,224.0,1.0,1.0,1.0,1.0,0.486322432629,-0.53951431,8.4,0.5293094937904136,0.4561088437381458,0.8181818181818182
fbaA,CCTGATAAGCGTAGCGCATC,AGG,non-coding,TGTAGG,CAATTT,CCTGATAAGCGTAGCGCATC,-1.9,U00096.3 E. coli MG1655 complete genome,2549462,CCTGATAAGCGTAGCGCATCAGG,-,0,1.0,650.0,1.0,224.0,1.0,1.0,1.0,1.0,0.486322432629,-0.53951431,8.4,0.5293094937904136,0.4561088437381458,0.8181818181818182
fbaA,CCTGATAAGCGTAGCGCATC,AGG,non-coding,TGTAGG,CAATTT,CCTGATAAGCGTAGCGCATC,-1.9,U00096.3 E. coli MG1655 complete genome,1552321,CCTGATAAGCGTAGCGCATCAGG,+,0,1.0,650.0,1.0,224.0,1.0,1.0,1.0,1.0,0.486322432629,-0.53951431,8.4,0.5293094937904136,0.4561088437381458,0.8181818181818182
fbaA,CCTGATAAGCGTAGCGCATC,AGG,non-coding,TGTAGG,CAATTT,CCTGATAAGCGTAGCGCATC,-1.9,U00096.3 E. coli MG1655 complete genome,3598393,CCTGATAAGCGTAGCGCATCAGG,-,0,1.0,650.0,1.0,224.0,1.0,1.0,1.0,1.0,0.486322432629,-0.53951431,8.4,0.5293094937904136,0.4561088437381458,0.8181818181818182
fbaA,CCTGATAAGCGTAGCGCATC,AGG,non-coding,TGTAGG,CAATTT,CCTGATAAGCGTAGCGCATC,-1.9,U00096.3 E. coli MG1655 complete genome,4470444,CCTGATAAGCGTAGCGCATCAGG,+,0,1.0,650.0,1.0,224.0,1.0,1.0,1.0,1.0,0.486322432629,-0.53951431,8.4,0.5293094937904136,0.4561088437381458,0.8181818181818182
fbaA,CCTGATAAGCGTAGCGCATC,AGG,non-coding,TGTAGG,CAATTT,CCTGATAAGCGTAGCGCATC,-1.9,U00096.3 E. coli MG1655 complete genome,4569942,CCTGATAAGCATAGCGCATCAGG,-,1,0.034289552847318,545.0,1.0,216.56991629312,0.0342895528432686,0.631578947368421,1.0,0.835296077042434,0.486322432629,-0.53951431,8.4,0.5293094937904136,0.4561088437381458,0.8181818181818182
fbaA,CCTGATAAGCGTAGCGCATC,AGG,non-coding,TGTAGG,CAATTT,CCTGATAAGCGTAGCGCATC,-1.9,U00096.3 E. coli MG1655 complete genome,4374572,CCTGATAAGCGTAGCGAATCAGG,+,1,0.2409711324329168,575.0,0.466666667,201.8138889325957,0.2409711324297341,0.7368421052631579,0.454987834828186,0.5081967213114759,0.486322432629,-0.53951431,8.4,0.5293094937904136,0.4561088437381458,0.8181818181818182
fbaA,CCTGATAAGCGTAGCGCATC,AGG,non-coding,TGTAGG,CAATTT,CCTGATAAGCGTAGCGCATC,-1.9,U00096.3 E. coli MG1655 complete genome,3592638,CCTGATAAGCGCAGCGCATCAGG,+,1,0.1593007211468575,545.0,0.947368421,215.083899551744,0.1593007211433324,0.631578947368421,0.9462159046653824,0.8023552924509207,0.486322432629,-0.53951431,8.4,0.5293094937904136,0.4561088437381458,0.8181818181818182
fbaA,CCTGATAAGCGTAGCGCATC,AGG,non-coding,TGTAGG,CAATTT,CCTGATAAGCGTAGCGCATC,-1.9,U00096.3 E. coli MG1655 complete genome,361212,CCTGATAAGCGCAGCGTATCAGG,+,2,0.0094084316981794,470.0,0.4421052634491228,192.89778848433969,0.0094084316940257,0.3684210526315789,0.4298885903207697,0.3105520137623965,0.486322432629,-0.53951431,8.4,0.5293094937904136,0.4561088437381458,0.8181818181818182
fbaA,CCTGATAAGCGTAGCGCATC,AGG,non-coding,TGTAGG,CAATTT,CCTGATAAGCGTAGCGCATC,-1.9,U00096.3 E. coli MG1655 complete genome,3012530,CCTGATAAGCGTAGCGCATCAGG,+,0,1.0,650.0,1.0,224.0,1.0,1.0,1.0,1.0,0.486322432629,-0.53951431,8.4,0.5293094937904136,0.4561088437381458,0.8181818181818182
fbaA,CCTGATAAGCGTAGCGCATC,AGG,non-coding,TGTAGG,CAATTT,CCTGATAAGCGTAGCGCATC,-1.9,U00096.3 E. coli MG1655 complete genome,445262,CCTGATAAGCGTAGCGCAGCAGG,+,1,0.2132979438331387,575.0,0.25,192.0520000629377,0.21329794382984,0.7368421052631579,0.2335766422481218,0.2918032786885249,0.486322432629,-0.53951431,8.4,0.5293094937904136,0.4561088437381458,0.8181818181818182
fbaA,CCTGATAAGCGTAGCGCATC,AGG,non-coding,TGTAGG,CAATTT,CCTGATAAGCGTAGCGCATC,-1.9,U00096.3 E. coli MG1655 complete genome,430964,CCTGATAAGCGTAGCGCATCAGG,-,0,1.0,650.0,1.0,224.0,1.0,1.0,1.0,1.0,0.486322432629,-0.53951431,8.4,0.5293094937904136,0.4561088437381458,0.8181818181818182
fbaA,CCTGATAAGCGTAGCGCATC,AGG,non-coding,TGTAGG,CAATTT,CCTGATAAGCGTAGCGCATC,-1.9,U00096.3 E. coli MG1655 complete genome,543159,CCTGATAAGCGAAGCGCATCAGG,+,1,0.2213960830523153,545.0,0.8,215.083899551744,0.2213960830490506,0.631578947368421,0.7956204379328325,0.8023552924509207,0.486322432629,-0.53951431,8.4,0.5293094937904136,0.4561088437381458,0.8181818181818182
fbaA,CCTGATAAGCGTAGCGCATC,AGG,non-coding,TGTAGG,CAATTT,CCTGATAAGCGTAGCGCATC,-1.9,U00096.3 E. coli MG1655 complete genome,1691421,CCTGATAAGCGTAGCGCATCAGG,-,0,1.0,650.0,1.0,224.0,1.0,1.0,1.0,1.0,0.486322432629,-0.53951431,8.4,0.5293094937904136,0.4561088437381458,0.8181818181818182
fbaA,CCTGATAAGCGTAGCGCATC,AGG,non-coding,TGTAGG,CAATTT,CCTGATAAGCGTAGCGCATC,-1.9,U00096.3 E. coli MG1655 complete genome,3740960,CCTGATAAGCGTAGCGCATCAGG,-,0,1.0,650.0,1.0,224.0,1.0,1.0,1.0,1.0,0.486322432629,-0.53951431,8.4,0.5293094937904136,0.4561088437381458,0.8181818181818182
fbaA,CCTGATAAGCGTAGCGCATC,AGG,non-coding,TGTAGG,CAATTT,CCTGATAAGCGTAGCGCATC,-1.9,U00096.3 E. coli MG1655 complete genome,3639282,CCTGATAAGCGTAGCGCATCAGG,+,0,1.0,650.0,1.0,224.0,1.0,1.0,1.0,1.0,0.486322432629,-0.53951431,8.4,0.5293094937904136,0.4561088437381458,0.8181818181818182
fbaA,CCTGATAAGCGTAGCGCATC,AGG,non-coding,TGTAGG,CAATTT,CCTGATAAGCGTAGCGCATC,-1.9,U00096.3 E. coli MG1655 complete genome,3150671,CCTGATAAGCGTAGCGCATCAGG,+,0,1.0,650.0,1.0,224.0,1.0,1.0,1.0,1.0,0.486322432629,-0.53951431,8.4,0.5293094937904136,0.4561088437381458,0.8181818181818182
fbaA,CCTGATAAGCGTAGCGCATC,AGG,non-coding,TGTAGG,CAATTT,CCTGATAAGCGTAGCGCATC,-1.9,U00096.3 E. coli MG1655 complete genome,3150784,CCTGATGAGCGTAGCGCATCAGG,+,1,0.0008339858501502,642.5,0.705882353,220.4168192,0.0008339858459605,0.9736842105263158,0.6994418205495713,0.9205710248082724,0.486322432629,-0.53951431,8.4,0.5293094937904136,0.4561088437381458,0.8181818181818182
fbaA,CCTGATAAGCGTAGCGCATC,AGG,non-coding,TGTAGG,CAATTT,CCTGATAAGCGTAGCGCATC,-1.9,U00096.3 E. coli MG1655 complete genome,3330533,CCTGATAAGCGTAGCGCATCAGG,+,0,1.0,650.0,1.0,224.0,1.0,1.0,1.0,1.0,0.486322432629,-0.53951431,8.4,0.5293094937904136,0.4561088437381458,0.8181818181818182
fbaA,CCTGATAAGCGTAGCGCATC,AGG,non-coding,TGTAGG,CAATTT,CCTGATAAGCGTAGCGCATC,-1.9,U00096.3 E. coli MG1655 complete genome,4253928,CCTGAGAAGCGCCGCGCATCAGG,-,3,2.3321335652089157e-10,432.5,0.1139691333818757,201.39859501383685,2.2902020632901078e-10,0.2368421052631578,0.0945669975129743,0.4989908307322534,0.486322432629,-0.53951431,8.4,0.5293094937904136,0.4561088437381458,0.8181818181818182
fbaA,CCTGATAAGCGTAGCGCATC,AGG,non-coding,TGTAGG,CAATTT,CCTGATAAGCGTAGCGCATC,-1.9,U00096.3 E. coli MG1655 complete genome,3650787,CCTGACAGGCGTAGCGCATCAGG,+,2,4.193150192841092e-12,635.0,0.6666666662969697,216.71419904,0.0,0.9473684210526316,0.6593673961769283,0.8384944171101545,0.486322432629,-0.53951431,8.4,0.5293094937904136,0.4561088437381458,0.8181818181818182
fbaA,CCTGATAAGCGTAGCGCATC,AGG,non-coding,TGTAGG,CAATTT,CCTGATAAGCGTAGCGCATC,-1.9,U00096.3 E. coli MG1655 complete genome,357538,CCTGATAAGCGTAGCGCATCAGG,+,0,1.0,650.0,1.0,224.0,1.0,1.0,1.0,1.0,0.486322432629,-0.53951431,8.4,0.5293094937904136,0.4561088437381458,0.8181818181818182
fbaA,CCTGATAAGCGTAGCGCATC,AGG,non-coding,TGTAGG,CAATTT,CCTGATAAGCGTAGCGCATC,-1.9,U00096.3 E. coli MG1655 complete genome,277679,CCTGATAAGCGCAGCGCATCAGG,+,1,0.1593007211468575,545.0,0.947368421,215.083899551744,0.1593007211433324,0.631578947368421,0.9462159046653824,0.8023552924509207,0.486322432629,-0.53951431,8.4,0.5293094937904136,0.4561088437381458,0.8181818181818182
fbaA,CCTGATAAGCGTAGCGCATC,AGG,non-coding,TGTAGG,CAATTT,CCTGATAAGCGTAGCGCATC,-1.9,U00096.3 E. coli MG1655 complete genome,490032,CCTGATAAGCGTAGCGCATCAGG,+,0,1.0,650.0,1.0,224.0,1.0,1.0,1.0,1.0,0.486322432629,-0.53951431,8.4,0.5293094937904136,0.4561088437381458,0.8181818181818182
fbaA,CCTGATAAGCGTAGCGCATC,AGG,non-coding,TGTAGG,CAATTT,CCTGATAAGCGTAGCGCATC,-1.9,U00096.3 E. coli MG1655 complete genome,4137862,CCTGATAAGCGTAGCGCATCAGG,+,0,1.0,650.0,1.0,224.0,1.0,1.0,1.0,1.0,0.486322432629,-0.53951431,8.4,0.5293094937904136,0.4561088437381458,0.8181818181818182
fbaA,CCTGATAAGCGTAGCGCATC,AGG,non-coding,TGTAGG,CAATTT,CCTGATAAGCGTAGCGCATC,-1.9,U00096.3 E. coli MG1655 complete genome,4409226,CCGGATAAACGTAGTGCATCAGG,+,3,9.821461713362984e-06,530.0,0.0214285715404761,201.70519807341364,9.821457520253972e-06,0.5789473684210527,0.0,0.5057873526417352,0.486322432629,-0.53951431,8.4,0.5293094937904136,0.4561088437381458,0.8181818181818182
fbaA,CCTGATAAGCGTAGCGCATC,AGG,non-coding,TGTAGG,CAATTT,CCTGATAAGCGTAGCGCATC,-1.9,U00096.3 E. coli MG1655 complete genome,3877659,CCTGATAAGCGTAGCGCATCAGG,+,0,1.0,650.0,1.0,224.0,1.0,1.0,1.0,1.0,0.486322432629,-0.53951431,8.4,0.5293094937904136,0.4561088437381458,0.8181818181818182
fbaA,CCTGATAAGCGTAGCGCATC,AGG,non-coding,TGTAGG,CAATTT,CCTGATAAGCGTAGCGCATC,-1.9,U00096.3 E. coli MG1655 complete genome,357738,CCTGATAAGCGTAGCGCATCAGG,+,0,1.0,650.0,1.0,224.0,1.0,1.0,1.0,1.0,0.486322432629,-0.53951431,8.4,0.5293094937904136,0.4561088437381458,0.8181818181818182
fbaA,CCTGATAAGCGTAGCGCATC,AGG,non-coding,TGTAGG,CAATTT,CCTGATAAGCGTAGCGCATC,-1.9,U00096.3 E. coli MG1655 complete genome,3908383,CCTGATTAGCGAAGTGCATCAGG,-,3,1.404735811641307e-05,432.5,0.02333333345,196.09369717715765,1.404735392332178e-05,0.2368421052631578,0.0019464720245534,0.3813962626143848,0.486322432629,-0.53951431,8.4,0.5293094937904136,0.4561088437381458,0.8181818181818182
fbaA,CCTGATAAGCGTAGCGCATC,AGG,non-coding,TGTAGG,CAATTT,CCTGATAAGCGTAGCGCATC,-1.9,U00096.3 E. coli MG1655 complete genome,1735979,CCTGATAAGCGTAGCGCTTCAGG,-,1,0.402528048750348,575.0,0.5,197.3766667191148,0.4025280487478427,0.7368421052631579,0.4890510948320812,0.4098360655737708,0.486322432629,-0.53951431,8.4,0.5293094937904136,0.4561088437381458,0.8181818181818182
fbaA,CCTGATAAGCGTAGCGCATC,AGG,non-coding,TGTAGG,CAATTT,CCTGATAAGCGTAGCGCATC,-1.9,U00096.3 E. coli MG1655 complete genome,4344811,CCTGATAAACATATCGCATCAGG,-,3,3.357648618566894e-05,432.5,0.1714285716809523,198.57095129563135,3.3576481992659535e-05,0.2368421052631578,0.1532846716939279,0.4363099738956727,0.486322432629,-0.53951431,8.4,0.5293094937904136,0.4561088437381458,0.8181818181818182
fbaA,CCTGATAAGCGTAGCGCATC,AGG,non-coding,TGTAGG,CAATTT,CCTGATAAGCGTAGCGCATC,-1.9,U00096.3 E. coli MG1655 complete genome,4618113,CCTGATAAGCGCAGCGCATCAGG,-,1,0.1593007211468575,545.0,0.947368421,215.083899551744,0.1593007211433324,0.631578947368421,0.9462159046653824,0.8023552924509207,0.486322432629,-0.53951431,8.4,0.5293094937904136,0.4561088437381458,0.8181818181818182
fbaA,GCATCAGGCAATTTTGCTTT,TGG,non-coding,CGTAGC,CGAAAA,GCATCAGGCAATTTTGCTTT,-3.2,U00096.3 E. coli MG1655 complete genome,3070091,GCATCAGGCAATTTTGCTTTTGG,+,1,1.0,650.0,1.0,224.0,1.0,1.0,1.0,1.0,0.275048055629,-1.4078739,6.8,0.2488654476723025,0.2815648480817679,0.5757575757575758
fbaA,GCATCAGGCAATTTTGCTTT,TGG,non-coding,CGTAGC,CGAAAA,GCATCAGGCAATTTTGCTTT,-3.2,U00096.3 E. coli MG1655 complete genome,2842492,GCATCGGGCAATTTAGCATTTGG,+,3,2.3160324241869693e-08,462.5,0.2756892228847118,178.9836611445284,2.3156131091773953e-08,0.3421052631578947,0.2598284028632382,0.0021151982691889,0.275048055629,-1.4078739,6.8,0.2488654476723025,0.2815648480817679,0.5757575757575758
fbaA,CGAAAAAAAGACCCGCAGAG,CGG,non-coding,TTTTGG,GCCTTG,CGAAAAAAAGACCCGCAGAG,0.0,U00096.3 E. coli MG1655 complete genome,3070114,CGAAAAAAAGACCCGCAGAGCGG,+,0,1.0,650.0,1.0,224.0,1.0,1.0,1.0,1.0,0.322667629629,1.5979809,4.5,0.312075318157358,0.8857545330887622,0.2272727272727273
fbaA,GAAAAAAAGACCCGCAGAGC,GGG,non-coding,TTTGGC,CCTTGA,GAAAAAAAGACCCGCAGAGC,0.0,U00096.3 E. coli MG1655 complete genome,3070115,GAAAAAAAGACCCGCAGAGCGGG,+,0,1.0,650.0,1.0,224.0,1.0,1.0,1.0,1.0,0.329822936629,0.42191785,4.6,0.3215732197713206,0.6493608244745386,0.2424242424242423
fbaA,GGGCCTTGAGATAAGCAGAA,AGG,non-coding,CAGAGC,AATATC,GGGCCTTGAGATAAGCAGAA,0.0,U00096.3 E. coli MG1655 complete genome,3070135,GGGCCTTGAGATAAGCAGAAAGG,+,0,1.0,650.0,1.0,224.0,1.0,1.0,1.0,1.0,0.485267304629,0.85633847,4.3,0.5279089246835762,0.736681229158871,0.1969696969696969
fbaA,CGTCGATCGCGTTCAGTTCC,TGG,non-coding,ACAGAA,AATGCT,CGTCGATCGCGTTCAGTTCC,0.0,U00096.3 E. coli MG1655 complete genome,3070172,CGTCGATCGCGTTCAGTTCCTGG,+,0,1.0,650.0,1.0,224.0,1.0,1.0,1.0,1.0,0.184892497629,-2.8086642,7.5,0.1291936264861677,0.0,0.6818181818181819
fbaA,AGCGATCATCGAAGTCTGAC,CGG,non-coding,CAGACG,CACGCA,AGCGATCATCGAAGTCTGAC,-0.2,U00096.3 E. coli MG1655 complete genome,3070212,AGCGATCATCGAAGTCTGACCGG,+,0,1.0,650.0,1.0,224.0,1.0,1.0,1.0,1.0,0.317139013629,-0.028661647,6.2,0.3047366741509753,0.5587924163255357,0.4848484848484849
fbaA,CCGGCACGCAGCCATACGCG,CGG,non-coding,GTCTGA,ATCGTA,CCGGCACGCAGCCATACGCG,-4.0,U00096.3 E. coli MG1655 complete genome,3070231,CCGGCACGCAGCCATACGCGCGG,+,0,1.0,650.0,1.0,224.0,1.0,1.0,1.0,1.0,0.640330575629,1.3704992,4.8,0.7337387642554101,0.8400297373774538,0.2727272727272727
fbaA,GGATCGTAGTATTTCTTGTT,CGG,non-coding,ACGCGC,CTGATC,GGATCGTAGTATTTCTTGTT,0.0,U00096.3 E. coli MG1655 complete genome,3070252,GGATCGTAGTATTTCTTGTTCGG,+,0,1.0,650.0,1.0,224.0,1.0,1.0,1.0,1.0,0.4839373266289999,-1.4263432,7.5,0.5261435217186532,0.2778524397015295,0.6818181818181819
fbaA,TTCGGCTGATCTTCGCCTTT,CGG,non-coding,TTCTTG,GTTACC,TTCGGCTGATCTTCGCCTTT,-4.0,U00096.3 E. coli MG1655 complete genome,3070270,TTCGGCTGATCTTCGCCTTTCGG,+,0,1.0,650.0,1.0,224.0,1.0,1.0,1.0,1.0,0.331736030629,-1.6010868,4.8,0.3241126466037769,0.2427282278996194,0.2727272727272727
fbaA,TCGGCTGATCTTCGCCTTTC,GGG,non-coding,TCTTGT,TTACCC,TCGGCTGATCTTCGCCTTTC,-4.0,U00096.3 E. coli MG1655 complete genome,3070271,TCGGCTGATCTTCGCCTTTCGGG,+,0,1.0,650.0,1.0,224.0,1.0,1.0,1.0,1.0,0.716689900629,-1.0073913,7.3,0.8350975677502978,0.3620635654332454,0.6515151515151515
fbaA,GTAGTTCAGAACGCCTTCCC,AGG,non-coding,TTTGTA,TTGCCC,GTAGTTCAGAACGCCTTCCC,0.0,U00096.3 E. coli MG1655 complete genome,3070335,GTAGTTCAGAACGCCTTCCCAGG,+,0,1.0,650.0,1.0,224.0,1.0,1.0,1.0,1.0,0.5865750226290001,0.098314161,6.5,0.662384040607892,0.5843150974074789,0.5303030303030303
fbaA,CGCCTTCCCAGGTTGCCCAT,TGG,non-coding,TCAGAA,GTATCG,CGCCTTCCCAGGTTGCCCAT,-2.5,U00096.3 E. coli MG1655 complete genome,3070346,CGCCTTCCCAGGTTGCCCATTGG,+,0,1.0,650.0,1.0,224.0,1.0,1.0,1.0,1.0,0.5085333226290001,-0.95001075,6.1,0.558792064975486,0.3735973016702812,0.4696969696969696
fbaA,GCCTTCCCAGGTTGCCCATT,GGG,non-coding,CAGAAC,TATCGG,GCCTTCCCAGGTTGCCCATT,-2.0,U00096.3 E. coli MG1655 complete genome,3070347,GCCTTCCCAGGTTGCCCATTGGG,+,0,1.0,650.0,1.0,224.0,1.0,1.0,1.0,1.0,0.484242410629,-0.80329751,4.7,0.5265484879648247,0.4030872910942399,0.2575757575757576
fbaA,CCAGGTTGCCCATTGGGTAT,CGG,non-coding,GCCTTC,TATCGA,CCAGGTTGCCCATTGGGTAT,-5.0,U00096.3 E. coli MG1655 complete genome,3070353,CCAGGTTGCCCATTGGGTATCGG,+,0,1.0,650.0,1.0,224.0,1.0,1.0,1.0,1.0,0.629802605629,-1.3141393,8.1,0.7197640147087101,0.3004059040264052,0.7727272727272727
fbaA,TTTTACTACGCCGTAGCTTA,CGG,non-coding,GTTCAT,AGTCTT,TTTTACTACGCCGTAGCTTA,-1.3,U00096.3 E. coli MG1655 complete genome,3070389,TTTTACTACGCCGTAGCTTACGG,+,0,1.0,650.0,1.0,224.0,1.0,1.0,1.0,1.0,0.433177731629,-0.65686125,6.6,0.4587656105717815,0.4325216063522499,0.5454545454545454
fbaA,GATTTCCTGAGCAGTAGAAC,CGG,non-coding,GTCTTT,AACCAC,GATTTCCTGAGCAGTAGAAC,0.0,U00096.3 E. coli MG1655 complete genome,3070419,GATTTCCTGAGCAGTAGAACCGG,+,0,1.0,650.0,1.0,224.0,1.0,1.0,1.0,1.0,0.401065178629,-0.53952875,5.8,0.4161396451216396,0.4561059412363178,0.4242424242424242
fbaA,CAGTAGAACCGGAACCACCG,TGG,non-coding,CCTGAG,AATACG,CAGTAGAACCGGAACCACCG,-1.4,U00096.3 E. coli MG1655 complete genome,3070430,CAGTAGAACCGGAACCACCGTGG,+,0,1.0,650.0,1.0,224.0,1.0,1.0,1.0,1.0,0.5383307106290001,1.2173688,5.9,0.5983448975202069,0.8092498713170588,0.4393939393939394
pykF,TTTATCAGTGGTGAAAGTAA,AGG,coding,AACAGA,TCTGAC,TTTATCAGTGGTGAAAGTAA,-1.0,U00096.3 E. coli MG1655 complete genome,3432894,ATTATCAGTGGTCTAAGTAAAGG,-,3,0.0004431559420595,432.5,0.2245614035929824,199.26149481660417,0.0004431559378682,0.2368421052631578,0.2075809962817735,0.4516173689889251,0.498020565629,-0.52766272,5.5,0.5448375090525189,0.4584910640732505,0.3787878787878788
pykF,TTTATCAGTGGTGAAAGTAA,AGG,coding,AACAGA,TCTGAC,TTTATCAGTGGTGAAAGTAA,-1.0,U00096.3 E. coli MG1655 complete genome,1755961,TTTATCAGTGGTGAAAGTAAAGG,-,0,1.0,650.0,1.0,224.0,1.0,1.0,1.0,1.0,0.498020565629,-0.52766272,5.5,0.5448375090525189,0.4584910640732505,0.3787878787878788
pykF,GTTACCGCCTTCCAGTTTCA,TGG,coding,AACGTC,TGCGGA,GTTACCGCCTTCCAGTTTCA,0.0,U00096.3 E. coli MG1655 complete genome,1755913,GTTACCGCCTTCCAGTTTCATGG,-,0,1.0,650.0,1.0,224.0,1.0,1.0,1.0,1.0,0.221136265629,-0.1780947,5.3,0.1773033361860151,0.5287557328431187,0.3484848484848484
pykF,CGCCTTCCAGTTTCATGGTG,CGG,coding,CGTTAC,ATTTCC,CGCCTTCCAGTTTCATGGTG,-2.6,U00096.3 E. coli MG1655 complete genome,1755908,CGCCTTCCAGTTTCATGGTGCGG,-,0,1.0,650.0,1.0,224.0,1.0,1.0,1.0,1.0,0.534591051629,-1.4223509,3.7,0.5933809018102016,0.2786549090954116,0.106060606060606
pykF,AGTTTCATGGTGCGGATTTC,CGG,coding,CCTTCC,ACCTTT,AGTTTCATGGTGCGGATTTC,0.0,U00096.3 E. coli MG1655 complete genome,1755900,AGTTTCATGGTGCGGATTTCCGG,-,0,1.0,650.0,1.0,224.0,1.0,1.0,1.0,1.0,0.390789545629,-1.1920735,6.6,0.4024998458432596,0.3249416524771044,0.5454545454545454
pykF,GGTGCGGATTTCCGGACCTT,TGG,coding,TTTCAT,TATCAA,GGTGCGGATTTCCGGACCTT,-9.7,U00096.3 E. coli MG1655 complete genome,1755892,GGTGCGGATTTCCGGACCTTTGG,-,0,1.0,650.0,1.0,224.0,1.0,1.0,1.0,1.0,0.645118791629,0.29868227,5.5,0.7400946067754307,0.6245899452351774,0.3787878787878788
pykF,CCGGACCTTTGGTATCAAGC,AGG,coding,GGATTT,ATAGCG,CCGGACCTTTGGTATCAAGC,-0.7,U00096.3 E. coli MG1655 complete genome,1755881,CCGGACCTTTGGTATCAAGCAGG,-,0,1.0,650.0,1.0,224.0,1.0,1.0,1.0,1.0,0.3846581646289999,-0.65910683,3.8,0.3943610960320047,0.4320702351573213,0.1212121212121211
pykF,TTTGGTATCAAGCAGGATAG,CGG,coding,CGGACC,CGGTTT,TTTGGTATCAAGCAGGATAG,-1.1,U00096.3 E. coli MG1655 complete genome,1755874,TTTGGTATCAAGCAGGATAGCGG,-,0,1.0,650.0,1.0,224.0,1.0,1.0,1.0,1.0,0.560152499629,0.29763042,5.7,0.6273109789144296,0.6243785188814578,0.4090909090909091
pykF,GGTATCAAGCAGGATAGCGG,CGG,coding,ACCTTT,TTTTAC,GGTATCAAGCAGGATAGCGG,-3.9,U00096.3 E. coli MG1655 complete genome,1755871,GGTATCAAGCAGGATAGCGGCGG,-,0,1.0,650.0,1.0,224.0,1.0,1.0,1.0,1.0,0.508014306629,1.1778357,8.4,0.5581031269740735,0.8013035489476783,0.8181818181818182
pykF,AGCTAACATCTCTTCAGATT,CGG,coding,CATTTT,TTTTCG,AGCTAACATCTCTTCAGATT,-0.2,U00096.3 E. coli MG1655 complete genome,1755733,AGCTAACATCTCTTCAGATTCGG,-,0,1.0,650.0,1.0,224.0,1.0,1.0,1.0,1.0,0.409953608629,-1.7168674,8.1,0.4279380813931502,0.2194558315603415,0.7727272727272727
pykF,ATCTCTTCAGATTCGGTTTT,CGG,coding,GCTAAC,TCCGAT,ATCTCTTCAGATTCGGTTTT,0.0,U00096.3 E. coli MG1655 complete genome,1755726,ATCTCTTCAGATTCGGTTTTCGG,-,0,1.0,650.0,1.0,224.0,1.0,1.0,1.0,1.0,0.252226686629,-2.4954838,5.0,0.2185725311757866,0.0629506013485296,0.303030303030303
pykF,AGATTCGGTTTTCGGTCCGA,TGG,coding,CTCTTC,TGCAAA,AGATTCGGTTTTCGGTCCGA,-3.9,U00096.3 E. coli MG1655 complete genome,1755718,AGATTCGGTTTTCGGTCCGATGG,-,0,1.0,650.0,1.0,224.0,1.0,1.0,1.0,1.0,0.640497439629,-0.19486105,5.1,0.7339602582954159,0.5253856247044232,0.3181818181818181
pykF,TCCGATGGTGCAAACAATTT,TGG,coding,TTTCGG,TCTTTT,TCCGATGGTGCAAACAATTT,0.0,U00096.3 E. coli MG1655 complete genome,1755703,TCCGATGGTGCAAACAATTTTGG,-,0,1.0,650.0,1.0,224.0,1.0,1.0,1.0,1.0,0.364051987629,-0.60405159,3.9,0.3670086090197915,0.4431365741280474,0.1363636363636363
pykF,TCTTAGTCTTTAAGTTGAGA,AGG,coding,TGACAG,ATGGGA,TCTTAGTCTTTAAGTTGAGA,-1.8,U00096.3 E. coli MG1655 complete genome,1755665,TCTTAGTCTTTAAGTTGAGAAGG,-,0,1.0,650.0,1.0,224.0,1.0,1.0,1.0,1.0,0.192430502629,-0.87401224,3.0,0.139199518596116,0.3888733275840749,0.0
pykF,AGTCTTTAAGTTGAGAAGGA,TGG,coding,AGTCTT,GAGAAA,AGTCTTTAAGTTGAGAAGGA,-1.6,U00096.3 E. coli MG1655 complete genome,1755661,AGTCTTTAAGTTGAGAAGGATGG,-,0,1.0,650.0,1.0,224.0,1.0,1.0,1.0,1.0,0.444401694629,0.080685319,4.7,0.4736642160813365,0.5807716246838404,0.2575757575757576
pykF,GTCTTTAAGTTGAGAAGGAT,GGG,coding,GTCTTA,AGAAAC,GTCTTTAAGTTGAGAAGGAT,-1.9,U00096.3 E. coli MG1655 complete genome,1755660,GTCTTTAAGTTGAGAAGGATGGG,-,0,1.0,650.0,1.0,224.0,1.0,1.0,1.0,1.0,0.484769026629,-1.1318351,4.7,0.5272475141500518,0.3370498288006331,0.2575757575757576
pykF,GATGGGAGAAACTTGCTTTC,TGG,coding,GAGAAG,GCGCAC,GATGGGAGAAACTTGCTTTC,-0.7,U00096.3 E. coli MG1655 complete genome,1755643,GATGGGAGAAACTTGCTTTCTGG,-,0,1.0,650.0,1.0,224.0,1.0,1.0,1.0,1.0,0.180275086629,-0.019790145,7.3,0.1230645092604178,0.5605756262127594,0.6515151515151515
pykF,ATGGGAGAAACTTGCTTTCT,GGG,coding,AGAAGG,CGCACT,ATGGGAGAAACTTGCTTTCT,-1.9,U00096.3 E. coli MG1655 complete genome,1755642,ATGGGAGAAACTTGCTTTCTGGG,-,0,1.0,650.0,1.0,224.0,1.0,1.0,1.0,1.0,0.428103547629,-1.8331689,5.3,0.4520301762426685,0.1960787320907195,0.3484848484848484
pykF,TTGCTTTCTGGGCGCACTGC,CGG,coding,AGAAAC,AAAGCG,TTGCTTTCTGGGCGCACTGC,-1.7,U00096.3 E. coli MG1655 complete genome,1755631,TTGCTTTCTGGGCGCACTGCCGG,-,0,1.0,650.0,1.0,224.0,1.0,1.0,1.0,1.0,0.577581023629,-1.5884308,4.0,0.6504454728262331,0.2452721380889767,0.1515151515151515
pykF,GCACTGCCGGAAAGCGAATC,CGG,coding,CTGGGC,TATTAC,GCACTGCCGGAAAGCGAATC,-0.9,U00096.3 E. coli MG1655 complete genome,1755618,GCACTGCCGGAAAGCGAATCCGG,-,0,1.0,650.0,1.0,224.0,1.0,1.0,1.0,1.0,0.5231444356289999,-0.1885868,5.3,0.5781867483544784,0.5266467758189598,0.3484848484848484
pykF,CGAATCCGGTATTACGAAAG,TGG,coding,GGAAAG,TGGTGC,CGAATCCGGTATTACGAAAG,-1.0,U00096.3 E. coli MG1655 complete genome,1755604,CGAATCCGGTATTACGAAAGTGG,-,0,1.0,650.0,1.0,224.0,1.0,1.0,1.0,1.0,0.416456530629,-0.039653132,6.6,0.4365700119810722,0.5565830807781534,0.5454545454545454
pykF,ATCCGGTATTACGAAAGTGG,TGG,coding,AAGCGA,TGCCTC,ATCCGGTATTACGAAAGTGG,-1.0,U00096.3 E. coli MG1655 complete genome,1755601,ATCCGGTATTACGAAAGTGGTGG,-,0,1.0,650.0,1.0,224.0,1.0,1.0,1.0,1.0,0.568150930629,-0.1560932,5.0,0.6379280370929351,0.5331781285472231,0.303030303030303
pykF,CACCACCACTTTCGTAATAC,CGG,non-coding,GCGAGG,ATTCGC,CACCACCACTTTCGTAATAC,0.0,U00096.3 E. coli MG1655 complete genome,1755603,CACCACCACTTTCGTAATACCGG,+,0,1.0,650.0,1.0,224.0,1.0,1.0,1.0,1.0,0.242770922629,-1.5337734,4.2,0.2060210199468694,0.2562585095162663,0.1818181818181818
pykF,GTAATACCGGATTCGCTTTC,CGG,non-coding,ACTTTC,CAGTGC,GTAATACCGGATTCGCTTTC,0.0,U00096.3 E. coli MG1655 complete genome,1755616,GTAATACCGGATTCGCTTTCCGG,+,0,1.0,650.0,1.0,224.0,1.0,1.0,1.0,1.0,0.441316609629,-1.3552372,6.0,0.4695690970597891,0.2921450501570004,0.4545454545454546
pykF,ACCAAAATTGTTTGCACCAT,CGG,non-coding,AAAAAG,ACCGAA,ACCAAAATTGTTTGCACCAT,0.0,U00096.3 E. coli MG1655 complete genome,1755706,ACCAAAATTGTTTGCACCATCGG,+,0,1.0,650.0,1.0,224.0,1.0,1.0,1.0,1.0,0.588880435629,-1.3668459,4.4,0.6654442287806078,0.2898116517518809,0.2121212121212121
pykF,AGAGATGTTAGCTAAAATGC,TGG,non-coding,ATCTGA,ACGCTG,AGAGATGTTAGCTAAAATGC,-0.3,U00096.3 E. coli MG1655 complete genome,1755747,AGAGATGTTAGCTAAAATGCTGG,+,0,1.0,650.0,1.0,224.0,1.0,1.0,1.0,1.0,0.154153177629,-0.93597844,3.8,0.0883904803681726,0.3764178560626027,0.1212121212121211
pykF,TTAGCTAAAATGCTGGACGC,TGG,non-coding,GAGATG,CATGAA,TTAGCTAAAATGCTGGACGC,-4.0,U00096.3 E. coli MG1655 complete genome,1755754,TTAGCTAAAATGCTGGACGCTGG,+,0,1.0,650.0,1.0,224.0,1.0,1.0,1.0,1.0,0.275338611629,0.19413638,5.6,0.2492511295586766,0.6035757737097013,0.3939393939393939
pykF,ATGCGTCTGAACTTCTCTCA,TGG,non-coding,AACGTT,TGACTA,ATGCGTCTGAACTTCTCTCA,0.0,U00096.3 E. coli MG1655 complete genome,1755787,ATGCGTCTGAACTTCTCTCATGG,+,0,1.0,650.0,1.0,224.0,1.0,1.0,1.0,1.0,0.594415949629,-1.0057973,7.8,0.6727920291411951,0.3623839662582956,0.7272727272727273
pykF,CATGGTGACTATGCAGAACA,CGG,non-coding,TTCTCT,TCAGCG,CATGGTGACTATGCAGAACA,-1.3,U00096.3 E. coli MG1655 complete genome,1755805,CATGGTGACTATGCAGAACACGG,+,0,1.0,650.0,1.0,224.0,1.0,1.0,1.0,1.0,0.660270320629,-0.6138128,5.9,0.7602066343576298,0.4411745291233496,0.4393939393939394
pykF,CGCAACGTGATGAGCAAAAC,TGG,non-coding,AATCTG,TAAAAC,CGCAACGTGATGAGCAAAAC,0.0,U00096.3 E. coli MG1655 complete genome,1755847,CGCAACGTGATGAGCAAAACTGG,+,0,1.0,650.0,1.0,224.0,1.0,1.0,1.0,1.0,0.359056552629,-1.1174998,5.6,0.3603777055311019,0.3399312854802708,0.3939393939393939
pykF,GCTATCCTGCTTGATACCAA,AGG,non-coding,ACCGCC,TCCGGA,GCTATCCTGCTTGATACCAA,-1.3,U00096.3 E. coli MG1655 complete genome,1755880,GCTATCCTGCTTGATACCAAAGG,+,0,1.0,650.0,1.0,224.0,1.0,1.0,1.0,1.0,0.562500408629,0.43945259,8.4,0.6304275759633803,0.6528853822932595,0.8181818181818182
pykF,CCTGCTTGATACCAAAGGTC,CGG,non-coding,CGCTAT,AAATCC,CCTGCTTGATACCAAAGGTC,-1.2,U00096.3 E. coli MG1655 complete genome,1755885,CCTGCTTGATACCAAAGGTCCGG,+,0,1.0,650.0,1.0,224.0,1.0,1.0,1.0,1.0,0.593597992629,-0.52695207,4.7,0.6717062790663971,0.4586339077660497,0.2575757575757576
pykF,GGAAATCCGCACCATGAAAC,TGG,non-coding,AGGTCC,AAGGCG,GGAAATCCGCACCATGAAAC,-0.9,U00096.3 E. coli MG1655 complete genome,1755906,GGAAATCCGCACCATGAAACTGG,+,0,1.0,650.0,1.0,224.0,1.0,1.0,1.0,1.0,0.275499583629,-0.46392382,7.0,0.249464802601441,0.471302855884915,0.6060606060606061
pykF,ATCCGCACCATGAAACTGGA,AGG,non-coding,CCGGAA,CGGTAA,ATCCGCACCATGAAACTGGA,-1.4,U00096.3 E. coli MG1655 complete genome,1755910,ATCCGCACCATGAAACTGGAAGG,+,0,1.0,650.0,1.0,224.0,1.0,1.0,1.0,1.0,0.380455309629,-0.047610534,3.9,0.3887822573759206,0.5549836089048434,0.1363636363636363
pykF,CGCACCATGAAACTGGAAGG,CGG,non-coding,GAAATC,TAACGA,CGCACCATGAAACTGGAAGG,-1.4,U00096.3 E. coli MG1655 complete genome,1755913,CGCACCATGAAACTGGAAGGCGG,+,0,1.0,650.0,1.0,224.0,1.0,1.0,1.0,1.0,0.543641588629,1.2723685,7.7,0.6053945177150858,0.8203050465099787,0.7121212121212122
pykF,AACGACGTTTCTCTGAAAGC,TGG,non-coding,GGCGGT,TCAGAC,AACGACGTTTCTCTGAAAGC,0.0,U00096.3 E. coli MG1655 complete genome,1755937,AACGACGTTTCTCTGAAAGCTGG,+,0,1.0,650.0,1.0,224.0,1.0,1.0,1.0,1.0,0.1720622886289999,-0.7496058,6.4,0.112162901910887,0.4138795546967224,0.5151515151515152
pfkB,CATGTACGTGTAAATTCTGC,CGG,coding,CTTCCA,GTCCAG,CATGTACGTGTAAATTCTGC,0.0,U00096.3 E. coli MG1655 complete genome,1806631,CATGTACGTGTAAATTCTGCCGG,-,0,1.0,650.0,1.0,224.0,1.0,1.0,1.0,1.0,0.152842638629,-0.73012945,4.4,0.0866508805881406,0.4177943844388596,0.2121212121212121
pfkB,ATGTACGTGTAAATTCTGCC,GGG,coding,TTCCAC,TCCAGT,ATGTACGTGTAAATTCTGCC,0.0,U00096.3 E. coli MG1655 complete genome,1806630,ATGTACGTGTAAATTCTGCCGGG,-,0,1.0,650.0,1.0,224.0,1.0,1.0,1.0,1.0,0.278054265629,-0.42039129,7.9,0.252855868601958,0.4800530808087062,0.7424242424242425
pfkB,ATTCTGCCGGGTCCAGTCTT,TGG,coding,GTGTAA,CTTCTA,ATTCTGCCGGGTCCAGTCTT,0.0,U00096.3 E. coli MG1655 complete genome,1806618,ATTCTGCCGGGTCCAGTCTTTGG,-,0,1.0,650.0,1.0,224.0,1.0,1.0,1.0,1.0,0.5411877096290002,-1.4359016,5.7,0.6021372568715514,0.2759311603752059,0.4090909090909091
pfkB,TTTGGCTTCTACAGTAGCGA,CGG,coding,CCAGTC,GGACAT,TTTGGCTTCTACAGTAGCGA,-2.5,U00096.3 E. coli MG1655 complete genome,1806600,TTTGGCTTCTACAGTAGCGACGG,-,0,1.0,650.0,1.0,224.0,1.0,1.0,1.0,1.0,0.311058771629,-0.57037689,5.0,0.2966658058702594,0.4499053330134417,0.303030303030303
pfkB,TTGGCTTCTACAGTAGCGAC,GGG,coding,CAGTCT,GACATT,TTGGCTTCTACAGTAGCGAC,-2.5,U00096.3 E. coli MG1655 complete genome,1806599,TTGGCTTCTACAGTAGCGACGGG,-,0,1.0,650.0,1.0,224.0,1.0,1.0,1.0,1.0,0.623781732629,-0.85112157,6.2,0.7117719523996905,0.3934744502653498,0.4848484848484849
pfkB,TGGCTTCTACAGTAGCGACG,GGG,coding,AGTCTT,ACATTT,TGGCTTCTACAGTAGCGACG,-2.5,U00096.3 E. coli MG1655 complete genome,1806598,TGGCTTCTACAGTAGCGACGGGG,-,0,1.0,650.0,1.0,224.0,1.0,1.0,1.0,1.0,0.537634054629,0.45326368,6.8,0.5974201614960535,0.6556614705183804,0.5757575757575758
pfkB,CATCCGCCAACAGTGAAACC,AGG,coding,CATTTT,TGTTCG,CATCCGCCAACAGTGAAACC,-0.7,U00096.3 E. coli MG1655 complete genome,1806568,CATCCGCCAACAGTGAAACCAGG,-,0,1.0,650.0,1.0,224.0,1.0,1.0,1.0,1.0,0.401714529629,0.66445568,6.6,0.41700158883851,0.6981119667818716,0.5454545454545454
pfkB,CAGTGAAACCAGGTGTTCGC,CGG,coding,CGCCAA,TCGCGC,CAGTGAAACCAGGTGTTCGC,-2.2,U00096.3 E. coli MG1655 complete genome,1806558,CAGTGAAACCAGGTGTTCGCCGG,-,0,1.0,650.0,1.0,224.0,1.0,1.0,1.0,1.0,0.416472336629,-0.62715102,9.6,0.4365909927486215,0.4384934897929222,1.0
pfkB,TCGCCGGTCGCGCCACCCGC,CGG,coding,AGGTGT,GAAGAT,TCGCCGGTCGCGCCACCCGC,-3.4,U00096.3 E. coli MG1655 complete genome,1806542,TCGCCGGTCGCGCCACCCGCCGG,-,0,1.0,650.0,1.0,224.0,1.0,1.0,1.0,1.0,0.712075250629,0.24475407,3.8,0.8289721154555364,0.6137501461301128,0.1212121212121211
pfkB,CGCCGGTCGCGCCACCCGCC,GGG,coding,GGTGTT,AAGATC,CGCCGGTCGCGCCACCCGCC,-4.2,U00096.3 E. coli MG1655 complete genome,1612477,CGCCGGTAGCCCCACCCGCCAGG,+,3,1.2244486255938213e-08,537.5,0.27857142885,212.27009933312,1.2240293105796696e-08,0.6052631578947368,0.2627737228281031,0.7399813068123614,0.637228562629,-0.45316368,7.3,0.7296211751318081,0.4734656900967442,0.6515151515151515
pfkB,CGCCGGTCGCGCCACCCGCC,GGG,coding,GGTGTT,AAGATC,CGCCGGTCGCGCCACCCGCC,-4.2,U00096.3 E. coli MG1655 complete genome,1806541,CGCCGGTCGCGCCACCCGCCGGG,-,0,1.0,650.0,1.0,224.0,1.0,1.0,1.0,1.0,0.637228562629,-0.45316368,7.3,0.7296211751318081,0.4734656900967442,0.6515151515151515
pfkB,ACCCGCCGGGAAGATCGCTG,TGG,coding,CGCGCC,CACTGC,ACCCGCCGGGAAGATCGCTG,-2.3,U00096.3 E. coli MG1655 complete genome,1806528,ACCCGCCGGGAAGATCGCTGTGG,-,0,1.0,650.0,1.0,224.0,1.0,1.0,1.0,1.0,0.4594090526290001,1.3234807,6.3,0.4935848721439646,0.8305788175577402,0.5
pfkB,CTGTGGCACTGCCTCCAAGA,TGG,coding,AGATCG,GCAATG,CTGTGGCACTGCCTCCAAGA,-2.5,U00096.3 E. coli MG1655 complete genome,1806511,CTGTGGCACTGCCTCCAAGATGG,-,0,1.0,650.0,1.0,224.0,1.0,1.0,1.0,1.0,0.5288324136290001,0.4309966,6.2,0.5857369283015282,0.6511856920971387,0.4848484848484849
pfkB,TGTGGCACTGCCTCCAAGAT,GGG,coding,GATCGC,CAATGG,TGTGGCACTGCCTCCAAGAT,-2.5,U00096.3 E. coli MG1655 complete genome,1806510,TGTGGCACTGCCTCCAAGATGGG,-,0,1.0,650.0,1.0,224.0,1.0,1.0,1.0,1.0,0.651205947629,-1.0789,4.9,0.7481746526486326,0.3476900105535288,0.2878787878787879
pfkB,ACTGCCTCCAAGATGGGCAA,TGG,coding,TGTGGC,CGCGGG,ACTGCCTCCAAGATGGGCAA,-5.4,U00096.3 E. coli MG1655 complete genome,1806504,ACTGCCTCCAAGATGGGCAATGG,-,0,1.0,650.0,1.0,224.0,1.0,1.0,1.0,1.0,0.504231781629,-0.49702694,6.9,0.5530822312525684,0.4646489870268621,0.5909090909090909
pfkB,CTCCAAGATGGGCAATGGCG,CGG,coding,CACTGC,GCGACG,CTCCAAGATGGGCAATGGCG,-1.8,U00096.3 E. coli MG1655 complete genome,1806499,CTCCAAGATGGGCAATGGCGCGG,-,0,1.0,650.0,1.0,224.0,1.0,1.0,1.0,1.0,0.5027207446290001,-0.042679786,3.6,0.5510764919095806,0.5559747103648903,0.0909090909090909
pfkB,TCCAAGATGGGCAATGGCGC,GGG,coding,ACTGCC,CGACGT,TCCAAGATGGGCAATGGCGC,-1.8,U00096.3 E. coli MG1655 complete genome,1806498,TCCAAGATGGGCAATGGCGCGGG,-,0,1.0,650.0,1.0,224.0,1.0,1.0,1.0,1.0,0.372446741629,-0.31500596,4.5,0.3781517434185558,0.5012359833684233,0.2272727272727273
pfkB,GACGTTGATGCCGCCGCCCC,CGG,coding,GCGGGC,GTTCGA,GACGTTGATGCCGCCGCCCC,0.0,U00096.3 E. coli MG1655 complete genome,1806474,GACGTTGATGCCGCCGCCCCCGG,-,0,1.0,650.0,1.0,224.0,1.0,1.0,1.0,1.0,0.667884581629,-0.10546195,5.1,0.7703137481182318,0.5433552265856947,0.3181818181818181
pfkB,ACGTTGATGCCGCCGCCCCC,GGG,coding,CGGGCG,TTCGAA,ACGTTGATGCCGCCGCCCCC,0.0,U00096.3 E. coli MG1655 complete genome,1806473,ACGTTGATGCCGCCGCCCCCGGG,-,0,1.0,650.0,1.0,224.0,1.0,1.0,1.0,1.0,0.704010622629,0.11948007,7.2,0.8182671878686129,0.5885695357428226,0.6363636363636365
pfkB,CCGCCCCCGGGTTCGAACAC,CGG,coding,ATGCCG,TGCGGT,CCGCCCCCGGGTTCGAACAC,-2.1,U00096.3 E. coli MG1655 complete genome,1806461,CCGCCCCCGGGTTCGAACACCGG,-,0,1.0,650.0,1.0,224.0,1.0,1.0,1.0,1.0,0.7124306196290001,-0.91381462,5.6,0.8294438296389605,0.3808728787817146,0.3939393939393939
pfkB,CCCGGGTTCGAACACCGGTG,CGG,coding,GCCGCC,TACAGC,CCCGGGTTCGAACACCGGTG,-6.3,U00096.3 E. coli MG1655 complete genome,1806456,CCCGGGTTCGAACACCGGTGCGG,-,0,1.0,650.0,1.0,224.0,1.0,1.0,1.0,1.0,0.695250291629,0.66041614,4.8,0.8066387892626904,0.6973000019457215,0.2727272727272727
pfkB,GGTACAGCGCAGTTTTCCTT,CGG,coding,CGGTGC,GATAAA,GGTACAGCGCAGTTTTCCTT,0.0,U00096.3 E. coli MG1655 complete genome,1806435,GGTACAGCGCAGTTTTCCTTCGG,-,0,1.0,650.0,1.0,224.0,1.0,1.0,1.0,1.0,0.481607906629,-1.1794941,9.3,0.5230514668316166,0.3274701657384825,0.9545454545454548
pfkB,GTACAGCGCAGTTTTCCTTC,GGG,coding,GGTGCG,ATAAAT,GTACAGCGCAGTTTTCCTTC,0.0,U00096.3 E. coli MG1655 complete genome,1806434,GTACAGCGCAGTTTTCCTTCGGG,-,0,1.0,650.0,1.0,224.0,1.0,1.0,1.0,1.0,0.250369104629,-0.50247101,5.8,0.2161067905617405,0.4635547056469178,0.4242424242424242
pfkB,TTTCCTTCGGGATAAATTTG,CGG,coding,CGCAGT,GGTAAT,TTTCCTTCGGGATAAATTTG,-2.3,U00096.3 E. coli MG1655 complete genome,1806422,TTTCCTTCGGGATAAATTTGCGG,-,0,1.0,650.0,1.0,224.0,1.0,1.0,1.0,1.0,0.409699101629,-0.075195662,4.8,0.4276002506828725,0.5494388800652477,0.2727272727272727
pfkB,TTCCTTCGGGATAAATTTGC,GGG,coding,GCAGTT,GTAATT,TTCCTTCGGGATAAATTTGC,-2.3,U00096.3 E. coli MG1655 complete genome,1806421,TTCCTTCGGGATAAATTTGCGGG,-,0,1.0,650.0,1.0,224.0,1.0,1.0,1.0,1.0,0.2789801226289999,-1.2923041,5.5,0.2540848443390714,0.3047948727184607,0.3787878787878788
pfkB,TCCTTCGGGATAAATTTGCG,GGG,coding,CAGTTT,TAATTG,TCCTTCGGGATAAATTTGCG,-2.1,U00096.3 E. coli MG1655 complete genome,1806420,TCCTTCGGGATAAATTTGCGGGG,-,0,1.0,650.0,1.0,224.0,1.0,1.0,1.0,1.0,0.337030667629,0.67326292,5.2,0.3311407086153226,0.699882259731944,0.3333333333333333
pfkB,AATTGTTGCGCTATCGAGAG,AGG,coding,CGGGGT,GCGCAA,AATTGTTGCGCTATCGAGAG,0.0,U00096.3 E. coli MG1655 complete genome,1806396,AATTGTTGCGCTATCGAGAGAGG,-,0,1.0,650.0,1.0,224.0,1.0,1.0,1.0,1.0,0.590182468629,0.49130416,6.5,0.667172537759123,0.6633077698767909,0.5303030303030303
pfkB,ATTGTTGCGCTATCGAGAGA,GGG,coding,GGGGTA,CGCAAG,ATTGTTGCGCTATCGAGAGA,0.0,U00096.3 E. coli MG1655 complete genome,1806395,ATTGTTGCGCTATCGAGAGAGGG,-,0,1.0,650.0,1.0,224.0,1.0,1.0,1.0,1.0,0.388078440629,-0.3964662,7.4,0.3989011451089483,0.4848621263390704,0.6666666666666667
pfkB,GTACCATCATTTCCTCCTAT,AGG,coding,AGATAC,CTGATT,GTACCATCATTTCCTCCTAT,0.0,U00096.3 E. coli MG1655 complete genome,1806349,GTACCATCATTTCCTCCTATAGG,-,0,1.0,650.0,1.0,224.0,1.0,1.0,1.0,1.0,0.304989425629,-1.3517445,3.7,0.2886094008593917,0.2928470978117388,0.106060606060606
pfkB,CCTATAGGCTGATTTCAGTC,TGG,coding,TTTCCT,CACCGA,CCTATAGGCTGATTTCAGTC,-4.3,U00096.3 E. coli MG1655 complete genome,1806334,CCTATAGGCTGATTTCAGTCTGG,-,0,1.0,650.0,1.0,224.0,1.0,1.0,1.0,1.0,0.376479958629,-0.4003769,5.9,0.383505405847542,0.4840760588945761,0.4393939393939394
pfkB,TCAGTCTGGCACCGAATCAG,CGG,coding,CTGATT,AAAGTG,TCAGTCTGGCACCGAATCAG,0.0,U00096.3 E. coli MG1655 complete genome,1806320,TCAGTCTGGCACCGAATCAGCGG,-,0,1.0,650.0,1.0,224.0,1.0,1.0,1.0,1.0,0.611932019629,0.80666258,7.6,0.6960427309661875,0.7266961625709767,0.6969696969696969
pfkB,AAATTAACAATATGATTTAT,TGG,coding,GTGAAG,AGCTTT,AAATTAACAATATGATTTAT,-0.3,U00096.3 E. coli MG1655 complete genome,1806288,AAATTAACAATATGATTTATTGG,-,0,1.0,650.0,1.0,224.0,1.0,1.0,1.0,1.0,0.133011439629,-1.9050128,3.6,0.0603270936438609,0.1816378005757727,0.0909090909090909
pfkB,TTCTTCACTTTCCGCTGATT,CGG,non-coding,GTTAAT,TGCCAG,TTCTTCACTTTCCGCTGATT,0.0,U00096.3 E. coli MG1655 complete genome,1806313,TTCTTCACTTTCCGCTGATTCGG,+,0,1.0,650.0,1.0,224.0,1.0,1.0,1.0,1.0,0.306333479629,-2.3552805,4.5,0.2903934882026536,0.0911320649587949,0.2272727272727273
pfkB,CCAGACTGAAATCAGCCTAT,AGG,non-coding,TCGGTG,AGGAAA,CCAGACTGAAATCAGCCTAT,-2.0,U00096.3 E. coli MG1655 complete genome,1806338,CCAGACTGAAATCAGCCTATAGG,+,0,1.0,650.0,1.0,224.0,1.0,1.0,1.0,1.0,0.412477970629,-0.29114106,5.3,0.4312889008498172,0.5060329304510712,0.3484848484848484
pfkB,GACTGAAATCAGCCTATAGG,AGG,non-coding,GTGCCA,AAATGA,GACTGAAATCAGCCTATAGG,-1.2,U00096.3 E. coli MG1655 complete genome,1806341,GACTGAAATCAGCCTATAGGAGG,+,0,1.0,650.0,1.0,224.0,1.0,1.0,1.0,1.0,0.399714895629,0.80869404,6.3,0.4143472894498275,0.7271044947291049,0.5
pfkB,CAGCCTATAGGAGGAAATGA,TGG,non-coding,TGAAAT,TACGTA,CAGCCTATAGGAGGAAATGA,-1.5,U00096.3 E. coli MG1655 complete genome,1806350,CAGCCTATAGGAGGAAATGATGG,+,0,1.0,650.0,1.0,224.0,1.0,1.0,1.0,1.0,0.4682974456289999,0.31800663,4.0,0.5053832593019486,0.6284742243365372,0.1515151515151515
pfkB,ACCCCGCAAATTTATCCCGA,AGG,non-coding,ACAATT,AAAACT,ACCCCGCAAATTTATCCCGA,0.0,U00096.3 E. coli MG1655 complete genome,1806423,ACCCCGCAAATTTATCCCGAAGG,+,0,1.0,650.0,1.0,224.0,1.0,1.0,1.0,1.0,0.302833457629,0.75070563,3.4,0.2857475848748572,0.7154485760293872,0.0606060606060605
pfkB,AAAACTGCGCTGTACCGCAC,CGG,non-coding,CGAAGG,TGTTCG,AAAACTGCGCTGTACCGCAC,-3.4,U00096.3 E. coli MG1655 complete genome,1806446,AAAACTGCGCTGTACCGCACCGG,+,0,1.0,650.0,1.0,224.0,1.0,1.0,1.0,1.0,0.7082446876290001,-0.72384747,6.9,0.8238874544479675,0.4190570893164938,0.5909090909090909
pfkB,ACCGCACCGGTGTTCGAACC,CGG,non-coding,CGCTGT,GGGCGG,ACCGCACCGGTGTTCGAACC,-2.7,U00096.3 E. coli MG1655 complete genome,1806459,ACCGCACCGGTGTTCGAACCCGG,+,0,1.0,650.0,1.0,224.0,1.0,1.0,1.0,1.0,0.6342185756290002,-1.3918416,6.6,0.7256257406402755,0.2847874090274721,0.5454545454545454
pfkB,CCGCACCGGTGTTCGAACCC,GGG,non-coding,GCTGTA,GGCGGC,CCGCACCGGTGTTCGAACCC,-2.7,U00096.3 E. coli MG1655 complete genome,1806460,CCGCACCGGTGTTCGAACCCGGG,+,0,1.0,650.0,1.0,224.0,1.0,1.0,1.0,1.0,0.481678658629,-0.56438958,5.5,0.5231453825133604,0.4511088079593837,0.3787878787878788
pfkB,CGCACCGGTGTTCGAACCCG,GGG,non-coding,CTGTAC,GCGGCG,CGCACCGGTGTTCGAACCCG,-2.7,U00096.3 E. coli MG1655 complete genome,1806461,CGCACCGGTGTTCGAACCCGGGG,+,0,1.0,650.0,1.0,224.0,1.0,1.0,1.0,1.0,0.740489892629,0.82489897,4.9,0.8666895011822382,0.7303617550439613,0.2878787878787879
pfkB,GCACCGGTGTTCGAACCCGG,GGG,non-coding,TGTACC,CGGCGG,GCACCGGTGTTCGAACCCGG,-5.8,U00096.3 E. coli MG1655 complete genome,1806462,GCACCGGTGTTCGAACCCGGGGG,+,0,1.0,650.0,1.0,224.0,1.0,1.0,1.0,1.0,0.7635550316290001,2.1663542,5.6,0.8973059961746086,1.0,0.3939393939393939
pfkB,CCGGTGTTCGAACCCGGGGG,CGG,non-coding,ACCGCA,CGGCAT,CCGGTGTTCGAACCCGGGGG,-6.6,U00096.3 E. coli MG1655 complete genome,1806465,CCGGTGTTCGAACCCGGGGGCGG,+,0,1.0,650.0,1.0,224.0,1.0,1.0,1.0,1.0,0.840920238629,0.2082026,4.8,1.0,0.6064031441572156,0.2727272727272727
pfkB,GTGTTCGAACCCGGGGGCGG,CGG,non-coding,GCACCG,CATCAA,GTGTTCGAACCCGGGGGCGG,-5.2,U00096.3 E. coli MG1655 complete genome,1806468,GTGTTCGAACCCGGGGGCGGCGG,+,0,1.0,650.0,1.0,224.0,1.0,1.0,1.0,1.0,0.807871371629,1.1588014,7.6,0.9561311782682512,0.7974775731482722,0.6969696969696969
pfkB,GCCCGCGCCATTGCCCATCT,TGG,non-coding,AACGTC,AGGCAG,GCCCGCGCCATTGCCCATCT,-0.6,U00096.3 E. coli MG1655 complete genome,1806501,GCCCGCGCCATTGCCCATCTTGG,+,0,1.0,650.0,1.0,224.0,1.0,1.0,1.0,1.0,0.4822530286290001,-1.3636189,5.3,0.5239077970051512,0.2904602925689681,0.3484848484848484
pfkB,CGCGCCATTGCCCATCTTGG,AGG,non-coding,GTCGCC,CAGTGC,CGCGCCATTGCCCATCTTGG,-0.6,U00096.3 E. coli MG1655 complete genome,1806504,CGCGCCATTGCCCATCTTGGAGG,+,0,1.0,650.0,1.0,224.0,1.0,1.0,1.0,1.0,0.5129773076290001,0.795811,4.5,0.5646909778109416,0.7245149485276275,0.2272727272727273
pfkB,CAGTGCCACAGCGATCTTCC,CGG,non-coding,TGGAGG,CGGGTG,CAGTGCCACAGCGATCTTCC,-0.5,U00096.3 E. coli MG1655 complete genome,1806527,CAGTGCCACAGCGATCTTCCCGG,+,0,1.0,650.0,1.0,224.0,1.0,1.0,1.0,1.0,0.364530123629,-0.5174116,5.7,0.3676432832114221,0.4605515830856023,0.4090909090909091
pfkB,TGCCACAGCGATCTTCCCGG,CGG,non-coding,AGGCAG,GTGGCG,TGCCACAGCGATCTTCCCGG,-0.5,U00096.3 E. coli MG1655 complete genome,1806530,TGCCACAGCGATCTTCCCGGCGG,+,0,1.0,650.0,1.0,224.0,1.0,1.0,1.0,1.0,0.6501326366290001,1.0338747,6.4,0.7467499475620188,0.7723667715480209,0.5151515151515152
pfkB,GCCACAGCGATCTTCCCGGC,GGG,non-coding,GGCAGT,TGGCGC,GCCACAGCGATCTTCCCGGC,-1.3,U00096.3 E. coli MG1655 complete genome,1806531,GCCACAGCGATCTTCCCGGCGGG,+,0,1.0,650.0,1.0,224.0,1.0,1.0,1.0,1.0,0.5500962606290001,-0.010286916,6.8,0.613962401609711,0.5624858159318566,0.5757575757575758
pfkB,ACAGCGATCTTCCCGGCGGG,TGG,non-coding,AGTGCC,CGCGAC,ACAGCGATCTTCCCGGCGGG,-1.3,U00096.3 E. coli MG1655 complete genome,1806534,ACAGCGATCTTCCCGGCGGGTGG,+,0,1.0,650.0,1.0,224.0,1.0,1.0,1.0,1.0,0.669878318629,1.338048,5.1,0.7729602198727096,0.8335069072307351,0.3181818181818181
pfkB,TTCCCGGCGGGTGGCGCGAC,CGG,non-coding,GCGATC,CGAACA,TTCCCGGCGGGTGGCGCGAC,-3.9,U00096.3 E. coli MG1655 complete genome,1806543,TTCCCGGCGGGTGGCGCGACCGG,+,0,1.0,650.0,1.0,224.0,1.0,1.0,1.0,1.0,0.8142811186290002,-1.0061437,6.9,0.9646394290499988,0.3623143383751103,0.5909090909090909
pfkB,TGGCGCGACCGGCGAACACC,TGG,non-coding,GGCGGG,TTTCAC,TGGCGCGACCGGCGAACACC,-3.8,U00096.3 E. coli MG1655 complete genome,1806554,TGGCGCGACCGGCGAACACCTGG,+,0,1.0,650.0,1.0,224.0,1.0,1.0,1.0,1.0,0.404993715629,-0.44607279,7.1,0.4213543560925052,0.4748909893478987,0.6212121212121212
pfkB,CGAACACCTGGTTTCACTGT,TGG,non-coding,GACCGG,CGGATG,CGAACACCTGGTTTCACTGT,-0.2,U00096.3 E. coli MG1655 complete genome,1806566,CGAACACCTGGTTTCACTGTTGG,+,0,1.0,650.0,1.0,224.0,1.0,1.0,1.0,1.0,0.301578760629,-1.4867542,6.6,0.2840821093527959,0.2657095700389771,0.5454545454545454
pfkB,ACACCTGGTTTCACTGTTGG,CGG,non-coding,CGGCGA,ATGAAA,ACACCTGGTTTCACTGTTGG,0.0,U00096.3 E. coli MG1655 complete genome,1806569,ACACCTGGTTTCACTGTTGGCGG,+,0,1.0,650.0,1.0,224.0,1.0,1.0,1.0,1.0,0.7430402516290001,0.29840711,4.5,0.8700748288645145,0.6245346368970213,0.2272727272727273
pfkB,CTACTGTAGAAGCCAAAGAC,TGG,non-coding,CCGTCG,ACCCGG,CTACTGTAGAAGCCAAAGAC,0.0,U00096.3 E. coli MG1655 complete genome,1806610,CTACTGTAGAAGCCAAAGACTGG,+,0,1.0,650.0,1.0,224.0,1.0,1.0,1.0,1.0,0.274946863629,-0.95486731,4.5,0.2487311261595959,0.3726211123158861,0.2272727272727273
pfkB,TAGAAGCCAAAGACTGGACC,CGG,non-coding,CTACTG,CAGAAT,TAGAAGCCAAAGACTGGACC,-1.5,U00096.3 E. coli MG1655 complete genome,1806616,TAGAAGCCAAAGACTGGACCCGG,+,0,1.0,650.0,1.0,224.0,1.0,1.0,1.0,1.0,0.5604778496289999,-1.3642654,4.0,0.6277428460991781,0.2903303433008408,0.1515151515151515
pfkB,GCAGAATTTACACGTACATG,TGG,non-coding,GACCCG,AAGCAA,GCAGAATTTACACGTACATG,0.0,U00096.3 E. coli MG1655 complete genome,1806638,GCAGAATTTACACGTACATGTGG,+,0,1.0,650.0,1.0,224.0,1.0,1.0,1.0,1.0,0.282147589629,0.87233915,3.3,0.2582893166183844,0.7398974343491876,0.0454545454545454
