spacer	Ka_original	kclv_original	Ka_mismatch_avg	kclv_mismatch_avg	ka_decrease	kclv_decrease
GTGACGTTCGTTCAGTTTCC	0.07789348935741433	0.16532914784250788	0.03636610740406666	0.02312201208118442	(0.041527381953347674, 1)	(0.14220713576132346, 1)
CAGTTTCCAGGATTTCTCAA	0.07789348935741433	0.16532914784250788	0.05356536060097285	0.06981488933166027	(0.024328128756441483, 0)	(0.0955142585108476, 0)
AGTTTCCAGGATTTCTCAAC	0.07789348935741433	0.16532914784250788	0.05248555050386121	0.0422305677274288	(0.025407938853553122, 0)	(0.12309858011507907, 1)
GTTCGTCCAGCACATTCCAC	0.07789348935741433	0.16532914784250788	0.04464067206533945	0.05188309978726489	(0.03325281729207488, 1)	(0.113446048055243, 1)
TTCGTCCAGCACATTCCACA	0.07789348935741433	0.16532914784250788	0.028905491618087743	0.02137671822182973	(0.04898799773932659, 1)	(0.14395242962067814, 1)
CCAGCACATTCCACAGGGTA	0.07789348935741433	0.16532914784250788	0.044899753893815744	0.0664001103592671	(0.032993735463598586, 1)	(0.09892903748324078, 0)
CAGATCCACGTCGTACCAAC	0.07789348935741433	0.16532914784250788	0.047669917308385885	0.0521881273956268	(0.030223572049028445, 1)	(0.11314102044688107, 1)
CGTCGTACCAACCGGTGAAA	0.07789348935741433	0.16532914784250788	0.03800210067906078	0.05192772962874938	(0.039891388678353554, 1)	(0.1134014182137585, 1)
GCATTGCTGTTGCTTCGTCG	0.07789348935741433	0.16532914784250788	0.05333782993371019	0.058135618529388235	(0.02455565942370414, 0)	(0.10719352931311965, 0)
TATCATTAAAAGATGATTTG	0.07789348935741433	0.16532914784250788	0.05864865549181919	0.08797428488659595	(0.01924483386559514, 0)	(0.07735486295591193, 0)
TGATTTGAGGAGTAAGTATA	0.07789348935741433	0.16532914784250788	0.05381330769336025	0.08266412818203028	(0.02408018166405408, 0)	(0.0826650196604776, 0)
GTATATGGCTGTAACTAAGC	0.07789348935741433	0.16532914784250788	0.044268432721188425	0.052852565446436836	(0.033625056636225906, 1)	(0.11247658239607104, 1)
GGCTGTAACTAAGCTGGTTC	0.07789348935741433	0.16532914784250788	0.03865677219120007	0.06740035047871108	(0.03923671716621426, 1)	(0.0979287973637968, 0)
AAGCTGGTTCTGGTTCGTCA	0.07789348935741433	0.16532914784250788	0.04675327410942852	0.06694368028389616	(0.03114021524798581, 1)	(0.09838546755861172, 0)
TTCGTCATGGCGAAAGTCAG	0.07789348935741433	0.16532914784250788	0.04608081826501955	0.0574578430294302	(0.03181267109239478, 1)	(0.10787130481307768, 0)
AACAAAGAAAACCGTTTCAC	0.07789348935741433	0.16532914784250788	0.055066727518535044	0.08523452986625722	(0.022826761838879286, 0)	(0.08009461797625066, 0)
AAGAAAACCGTTTCACCGGT	0.07789348935741433	0.16532914784250788	0.044336388543824524	0.05289790720031112	(0.033557100813589806, 1)	(0.11243124064219676, 1)
TTTCACCGGTTGGTACGACG	0.07789348935741433	0.16532914784250788	0.030262922633151605	0.022118979545188454	(0.047630566724262725, 1)	(0.14321016829731942, 1)
GACGTGGATCTGTCTGAGAA	0.07789348935741433	0.16532914784250788	0.05183139121685108	0.08700901844223347	(0.026062098140563247, 0)	(0.07832012940027441, 0)
GTAAGCGAAGCAAAAGCAGC	0.07789348935741433	0.16532914784250788	0.028660395004832074	0.03648742431817234	(0.04923309435258226, 1)	(0.12884172352433554, 1)
GGTAAGCTGCTGAAAGAGGA	0.07789348935741433	0.16532914784250788	0.038739143039936565	0.023199180960277406	(0.039154346317477766, 1)	(0.14212996688223048, 1)
AACGCGCTATCCATACCCTG	0.07789348935741433	0.16532914784250788	0.03628611562836316	0.03857370655544301	(0.04160737372905117, 1)	(0.12675544128706487, 1)
GTGGAATGTGCTGGACGAAC	0.07789348935741433	0.16532914784250788	0.04882998307995089	0.05346453588545573	(0.029063506277463444, 0)	(0.11186461195705215, 1)
TGTGCTGGACGAACTGGATC	0.07789348935741433	0.16532914784250788	0.05034441606355361	0.0533414304064728	(0.02754907329386072, 0)	(0.11198771743603508, 1)
TGGACGAACTGGATCAGGCA	0.07789348935741433	0.16532914784250788	0.047245455401668544	0.071121192401865	(0.030648033955745786, 1)	(0.09420795544064288, 0)
GGCTGCCCGTTGAGAAATCC	0.07789348935741433	0.16532914784250788	0.04227841071581181	0.020813664232594113	(0.03561507864160252, 1)	(0.14451548360991376, 1)
AAACTGAACGAACGTCACTA	0.07789348935741433	0.16532914784250788	0.04519889069487641	0.06983848576204936	(0.03269459866253792, 1)	(0.09549066208045852, 0)
CGTCACTACGGTGCGTTGCA	0.07789348935741433	0.16532914784250788	0.040878808923157525	0.05421188148395466	(0.037014680434256805, 1)	(0.11111726635855322, 1)
TTCGTATTCCACGGTGGTTC	0.07789348935741433	0.16532914784250788	0.046253359233927885	0.0524260638963436	(0.031640130123486446, 1)	(0.11290308394616427, 1)
TGGTTCCGGTTCTACTGCTC	0.07789348935741433	0.16532914784250788	0.045926675165620975	0.040426511975647984	(0.031966814191793355, 1)	(0.1249026358668599, 1)
ATCAAAGACTCCGTAAGCTA	0.07789348935741433	0.16532914784250788	0.0619839347714519	0.08889717384560722	(0.01590955458596243, 0)	(0.07643197399690066, 0)
ACATCGATACCGATACCCAA	0.07789348935741433	0.16532914784250788	0.06392499884449734	0.11753527373542597	(0.013968490512916987, 0)	(0.04779387410708191, 0)
CATCGATACCGATACCCAAT	0.07789348935741433	0.16532914784250788	0.03441109042528416	0.036999010924047684	(0.04348239893213017, 1)	(0.12833013691846018, 1)
CCGATACCCAATGGGCAACC	0.07789348935741433	0.16532914784250788	0.03668740534401508	0.013312451443693713	(0.04120608401339925, 1)	(0.15201669639881416, 1)
CGATACCCAATGGGCAACCT	0.07789348935741433	0.16532914784250788	0.04905172968794265	0.05161909738283922	(0.02884175966947168, 0)	(0.11371005045966866, 1)
AGCGAACGAAGCTTATCTGC	0.07789348935741433	0.16532914784250788	0.04644524924480211	0.03919407649455522	(0.03144824011261222, 1)	(0.12613507134795265, 1)
GCGAACGAAGCTTATCTGCA	0.07789348935741433	0.16532914784250788	0.03202684749037809	0.03584665008797861	(0.04586664186703624, 1)	(0.12948249775452927, 1)
AGCTTATCTGCAGGGTCAGC	0.07789348935741433	0.16532914784250788	0.04953347592355496	0.08413410888808678	(0.02836001343385937, 0)	(0.0811950389544211, 0)
GCTTATCTGCAGGGTCAGCT	0.07789348935741433	0.16532914784250788	0.045994696793924594	0.06995818045734978	(0.031898792563489736, 1)	(0.0953709673851581, 0)
GGTCAGCTGGGTAACCCGAA	0.07789348935741433	0.16532914784250788	0.05022102446235499	0.07032812007985323	(0.02767246489505934, 0)	(0.09500102776265465, 0)
AATACTACGATCCGCGCGTA	0.07789348935741433	0.16532914784250788	0.04875577115629859	0.055495902492010085	(0.029137718201115742, 0)	(0.1098332453504978, 1)
GACTTCGATGATCGCTCGTC	0.07789348935741433	0.16532914784250788	0.03887531747424967	0.05440326808655373	(0.039018171883164664, 1)	(0.11092587975595415, 1)
TCGTCTGGAGAAAGCATTCC	0.07789348935741433	0.16532914784250788	0.042841524337700485	0.04461384013684703	(0.035051965019713846, 1)	(0.12071530770566086, 1)
ATTCCTTTCTGCTTATCTCA	0.07789348935741433	0.16532914784250788	0.05241628901192088	0.08626858202247964	(0.025477200345493452, 0)	(0.07906056582002824, 0)
TTATCTCAAGGCCCGCTCTG	0.07789348935741433	0.16532914784250788	0.049199376281573115	0.06827847761005565	(0.028694113075841216, 0)	(0.09705067023245223, 0)
TATCTCAAGGCCCGCTCTGC	0.07789348935741433	0.16532914784250788	0.048155511197898855	0.05358042345029072	(0.029737978159515475, 1)	(0.11174872439221716, 1)
GCATCAGGCAATTTTGCTTT	0.07789348935741433	0.16532914784250788	0.0378783105155073	0.03773989960186725	(0.04001517884190703, 1)	(0.12758924824064063, 1)
CGAAAAAAAGACCCGCAGAG	0.07789348935741433	0.16532914784250788	0.03420780311365632	0.025985066933276263	(0.04368568624375801, 1)	(0.13934408090923162, 1)
GAAAAAAAGACCCGCAGAGC	0.07789348935741433	0.16532914784250788	0.04328968833641485	0.03712119837193188	(0.03460380102099948, 1)	(0.128207949470576, 1)
GGGCCTTGAGATAAGCAGAA	0.07789348935741433	0.16532914784250788	0.0527993349843926	0.07154035188151495	(0.025094154373021732, 0)	(0.09378879596099293, 0)
CGTCGATCGCGTTCAGTTCC	0.07789348935741433	0.16532914784250788	0.046892420796575775	0.05336544363144498	(0.031001068560838556, 1)	(0.1119637042110629, 1)
AGCGATCATCGAAGTCTGAC	0.07789348935741433	0.16532914784250788	0.051431024734054955	0.05176900580563674	(0.026462464623359376, 0)	(0.11356014203687115, 1)
CCGGCACGCAGCCATACGCG	0.07789348935741433	0.16532914784250788	0.04682793580111823	0.04188399220568444	(0.031065553556296102, 1)	(0.12344515563682344, 1)
GGATCGTAGTATTTCTTGTT	0.07789348935741433	0.16532914784250788	0.05656930383273083	0.08424716789271845	(0.0213241855246835, 0)	(0.08108197994978943, 0)
TTCGGCTGATCTTCGCCTTT	0.07789348935741433	0.16532914784250788	0.05628747359511166	0.08662645876145826	(0.02160601576230267, 0)	(0.07870268908104962, 0)
TCGGCTGATCTTCGCCTTTC	0.07789348935741433	0.16532914784250788	0.032988412113722346	0.021983675271345926	(0.044905077243691985, 1)	(0.14334547257116195, 1)
GTAGTTCAGAACGCCTTCCC	0.07789348935741433	0.16532914784250788	0.052599679085725125	0.05538863037205799	(0.025293810271689206, 0)	(0.10994051747044989, 1)
CGCCTTCCCAGGTTGCCCAT	0.07789348935741433	0.16532914784250788	0.04598383375314571	0.0541004270960864	(0.03190965560426862, 1)	(0.11122872074642148, 1)
GCCTTCCCAGGTTGCCCATT	0.07789348935741433	0.16532914784250788	0.04571027911751269	0.03995510919237276	(0.032183210239901644, 1)	(0.12537403865013513, 1)
TTTTACTACGCCGTAGCTTA	0.07789348935741433	0.16532914784250788	0.04434289303826434	0.050901315674433	(0.03355059631914999, 1)	(0.11442783216807488, 1)
GATTTCCTGAGCAGTAGAAC	0.07789348935741433	0.16532914784250788	0.049460154810627724	0.05339228687153445	(0.028433334546786607, 0)	(0.11193686097097343, 1)
CAGTAGAACCGGAACCACCG	0.07789348935741433	0.16532914784250788	0.041360239193241034	0.06730879607172799	(0.036533250164173296, 1)	(0.09802035177077989, 0)
TTTATCAGTGGTGAAAGTAA	0.07789348935741433	0.16532914784250788	0.05747801774169241	0.08604973856068689	(0.020415471615721922, 0)	(0.07927940928182099, 0)
GTTACCGCCTTCCAGTTTCA	0.07789348935741433	0.16532914784250788	0.03625521999471788	0.05075372744318306	(0.04163826936269645, 1)	(0.11457542039932482, 1)
CGCCTTCCAGTTTCATGGTG	0.07789348935741433	0.16532914784250788	0.0382420970373025	0.0673994397543262	(0.03965139232011183, 1)	(0.09792970808818167, 0)
AGTTTCATGGTGCGGATTTC	0.07789348935741433	0.16532914784250788	0.05324182850470673	0.08509596981210146	(0.024651660852707598, 0)	(0.08023317803040642, 0)
CCGGACCTTTGGTATCAAGC	0.07789348935741433	0.16532914784250788	0.03912212150915016	0.05356071865811074	(0.03877136784826417, 1)	(0.11176842918439714, 1)
TTTGGTATCAAGCAGGATAG	0.07789348935741433	0.16532914784250788	0.052264079565519914	0.06921667281922769	(0.025629409791894417, 0)	(0.09611247502328019, 0)
GGTATCAAGCAGGATAGCGG	0.07789348935741433	0.16532914784250788	0.041700525636974815	0.03800081702063875	(0.036192963720439515, 1)	(0.12732833082186912, 1)
AGCTAACATCTCTTCAGATT	0.07789348935741433	0.16532914784250788	0.05000508590429762	0.06745266573344563	(0.02788840345311671, 0)	(0.09787648210906225, 0)
ATCTCTTCAGATTCGGTTTT	0.07789348935741433	0.16532914784250788	0.06064346294356573	0.1139606774199023	(0.017250026413848603, 0)	(0.051368470422605575, 0)
AGATTCGGTTTTCGGTCCGA	0.07789348935741433	0.16532914784250788	0.050238074668936684	0.054041707077316634	(0.027655414688477646, 0)	(0.11128744076519125, 1)
TCCGATGGTGCAAACAATTT	0.07789348935741433	0.16532914784250788	0.04597554970268815	0.042925529116462906	(0.03191793965472618, 1)	(0.12240361872604497, 1)
TCTTAGTCTTTAAGTTGAGA	0.07789348935741433	0.16532914784250788	0.04556470926620014	0.0699600553465766	(0.03232878009121419, 1)	(0.09536909249593128, 0)
AGTCTTTAAGTTGAGAAGGA	0.07789348935741433	0.16532914784250788	0.041725558908054815	0.0382100585383079	(0.036167930449359516, 1)	(0.12711908930419996, 1)
GTCTTTAAGTTGAGAAGGAT	0.07789348935741433	0.16532914784250788	0.045409785372489665	0.05403616642833455	(0.032483703984924665, 1)	(0.11129298141417332, 1)
GATGGGAGAAACTTGCTTTC	0.07789348935741433	0.16532914784250788	0.05569149802829667	0.08494006933974102	(0.02220199132911766, 0)	(0.08038907850276686, 0)
ATGGGAGAAACTTGCTTTCT	0.07789348935741433	0.16532914784250788	0.04579816000744215	0.03713678648161931	(0.03209532934997218, 1)	(0.12819236136088857, 1)
TTGCTTTCTGGGCGCACTGC	0.07789348935741433	0.16532914784250788	0.04534429113559296	0.03937476678083881	(0.03254919822182137, 1)	(0.12595438106166906, 1)
GCACTGCCGGAAAGCGAATC	0.07789348935741433	0.16532914784250788	0.03159770703439756	0.03623188626738935	(0.046295782323016774, 1)	(0.12909726157511853, 1)
CGAATCCGGTATTACGAAAG	0.07789348935741433	0.16532914784250788	0.05619985840001557	0.0719380096881526	(0.021693630957398763, 0)	(0.09339113815435528, 0)
ATCCGGTATTACGAAAGTGG	0.07789348935741433	0.16532914784250788	0.040615362782400355	0.040166043029547426	(0.037278126575013976, 1)	(0.12516310481296045, 1)
GTAATACCGGATTCGCTTTC	0.07789348935741433	0.16532914784250788	0.05744448057344589	0.09993779752259371	(0.020449008783968443, 0)	(0.06539135031991417, 0)
ACCAAAATTGTTTGCACCAT	0.07789348935741433	0.16532914784250788	0.048995534202932525	0.05469364407401119	(0.028897955154481805, 0)	(0.11063550376849668, 1)
AGAGATGTTAGCTAAAATGC	0.07789348935741433	0.16532914784250788	0.05113126281599088	0.08560691888961941	(0.026762226541423448, 0)	(0.07972222895288847, 0)
TTAGCTAAAATGCTGGACGC	0.07789348935741433	0.16532914784250788	0.03785059452616649	0.04727646813067172	(0.040042894831247844, 1)	(0.11805267971183617, 1)
ATGCGTCTGAACTTCTCTCA	0.07789348935741433	0.16532914784250788	0.04250341178810516	0.0380222475050921	(0.03539007756930917, 1)	(0.12730690033741576, 1)
CATGGTGACTATGCAGAACA	0.07789348935741433	0.16532914784250788	0.058887749667454616	0.10125123061107413	(0.019005739689959715, 0)	(0.06407791723143375, 0)
CGCAACGTGATGAGCAAAAC	0.07789348935741433	0.16532914784250788	0.05151374654564648	0.07030372907217046	(0.026379742811767852, 0)	(0.09502541877033742, 0)
GCTATCCTGCTTGATACCAA	0.07789348935741433	0.16532914784250788	0.06067511014223013	0.08774644504783835	(0.017218379215184203, 0)	(0.07758270279466953, 0)
CCTGCTTGATACCAAAGGTC	0.07789348935741433	0.16532914784250788	0.05872233758390659	0.07362099503483219	(0.01917115177350774, 0)	(0.09170815280767569, 0)
GGAAATCCGCACCATGAAAC	0.07789348935741433	0.16532914784250788	0.062280849539645175	0.11479582877323151	(0.015612639817769156, 0)	(0.05053331906927637, 0)
ATCCGCACCATGAAACTGGA	0.07789348935741433	0.16532914784250788	0.04799097465134232	0.05522288151218176	(0.02990251470607201, 1)	(0.11010626633032612, 1)
CGCACCATGAAACTGGAAGG	0.07789348935741433	0.16532914784250788	0.05811070544725609	0.07397559504303326	(0.01978278391015824, 0)	(0.09135355279947462, 0)
AACGACGTTTCTCTGAAAGC	0.07789348935741433	0.16532914784250788	0.04544952379495846	0.06722495922001422	(0.03244396556245587, 1)	(0.09810418862249366, 0)
CATGTACGTGTAAATTCTGC	0.07789348935741433	0.16532914784250788	0.053026405718317085	0.08542781571137723	(0.024867083639097246, 0)	(0.07990133213113065, 0)
ATGTACGTGTAAATTCTGCC	0.07789348935741433	0.16532914784250788	0.05300724512797712	0.08647072404023323	(0.024886244229437207, 0)	(0.07885842380227465, 0)
ATTCTGCCGGGTCCAGTCTT	0.07789348935741433	0.16532914784250788	0.04400822976717303	0.024490134891007456	(0.0338852595902413, 1)	(0.14083901295150042, 1)
TTTGGCTTCTACAGTAGCGA	0.07789348935741433	0.16532914784250788	0.03806792009598882	0.023645538670430958	(0.03982556926142551, 1)	(0.14168360917207692, 1)
TTGGCTTCTACAGTAGCGAC	0.07789348935741433	0.16532914784250788	0.04506298009873448	0.04058147824047405	(0.03283050925867985, 1)	(0.12474766960203383, 1)
TGGCTTCTACAGTAGCGACG	0.07789348935741433	0.16532914784250788	0.04710179003251473	0.04503708626896443	(0.0307916993248996, 1)	(0.12029206157354344, 1)
CATCCGCCAACAGTGAAACC	0.07789348935741433	0.16532914784250788	0.038259022303675214	0.012206316530278838	(0.03963446705373912, 1)	(0.15312283131222904, 1)
CAGTGAAACCAGGTGTTCGC	0.07789348935741433	0.16532914784250788	0.05637390989473283	0.08279516499618671	(0.0215195794626815, 0)	(0.08253398284632117, 0)
TCGCCGGTCGCGCCACCCGC	0.07789348935741433	0.16532914784250788	0.04171216559015891	0.025223748471717176	(0.03618132376725542, 1)	(0.1401053993707907, 1)
CGCCGGTCGCGCCACCCGCC	0.07789348935741433	0.16532914784250788	0.04038553245363723	0.0676875388201548	(0.037507956903777104, 1)	(0.09764160902235308, 0)
ACCCGCCGGGAAGATCGCTG	0.07789348935741433	0.16532914784250788	0.06055088052948249	0.11439495993564334	(0.017342608827931844, 0)	(0.050934187906864534, 0)
CTGTGGCACTGCCTCCAAGA	0.07789348935741433	0.16532914784250788	0.048803100022932325	0.06675935573321838	(0.029090389334482006, 0)	(0.0985697921092895, 0)
TGTGGCACTGCCTCCAAGAT	0.07789348935741433	0.16532914784250788	0.03945893760244931	0.06781924746094689	(0.03843455175496502, 1)	(0.09750990038156099, 0)
CTCCAAGATGGGCAATGGCG	0.07789348935741433	0.16532914784250788	0.03679246131154096	0.03681741938761806	(0.04110102804587337, 1)	(0.1285117284548898, 1)
TCCAAGATGGGCAATGGCGC	0.07789348935741433	0.16532914784250788	0.04179621679317376	0.06650324100869168	(0.03609727256424057, 1)	(0.0988259068338162, 0)
GACGTTGATGCCGCCGCCCC	0.07789348935741433	0.16532914784250788	0.05311071114320608	0.05477678759426813	(0.024782778214208254, 0)	(0.11055236024823975, 1)
ACGTTGATGCCGCCGCCCCC	0.07789348935741433	0.16532914784250788	0.04406069753597594	0.03660207106019261	(0.03383279182143839, 1)	(0.12872707678231526, 1)
CCGCCCCCGGGTTCGAACAC	0.07789348935741433	0.16532914784250788	0.06220264356333506	0.0860198101038454	(0.01569084579407927, 0)	(0.07930933773866247, 0)
GGTACAGCGCAGTTTTCCTT	0.07789348935741433	0.16532914784250788	0.03298378317927525	0.03785382899920872	(0.04490970617813908, 1)	(0.12747531884329916, 1)
GTACAGCGCAGTTTTCCTTC	0.07789348935741433	0.16532914784250788	0.05139498032511851	0.08373422159974218	(0.026498509032295822, 0)	(0.0815949262427657, 0)
TTTCCTTCGGGATAAATTTG	0.07789348935741433	0.16532914784250788	0.04832626738771635	0.038516394609929075	(0.02956722196969798, 0)	(0.1268127532325788, 1)
TTCCTTCGGGATAAATTTGC	0.07789348935741433	0.16532914784250788	0.05528498584669704	0.07094165626532563	(0.02260850351071729, 0)	(0.09438749157718225, 0)
TCCTTCGGGATAAATTTGCG	0.07789348935741433	0.16532914784250788	0.03836952905829191	0.03879448111707433	(0.03952396029912242, 1)	(0.12653466672543356, 1)
AATTGTTGCGCTATCGAGAG	0.07789348935741433	0.16532914784250788	0.021494311280613184	0.0037789209403503014	(0.05639917807680114, 1)	(0.1615502269021576, 1)
ATTGTTGCGCTATCGAGAGA	0.07789348935741433	0.16532914784250788	0.06300062350249415	0.08662446484048283	(0.014892865854920181, 0)	(0.07870468300202504, 0)
CCTATAGGCTGATTTCAGTC	0.07789348935741433	0.16532914784250788	0.04990344503221361	0.09764065351922388	(0.02799004432520072, 0)	(0.067688494323284, 0)
TCAGTCTGGCACCGAATCAG	0.07789348935741433	0.16532914784250788	0.04031360559209336	0.050192439483695096	(0.03757988376532097, 1)	(0.11513670835881279, 1)
CCAGACTGAAATCAGCCTAT	0.07789348935741433	0.16532914784250788	0.054899739218490715	0.06794367712745128	(0.022993750138923616, 0)	(0.0973854707150566, 0)
GACTGAAATCAGCCTATAGG	0.07789348935741433	0.16532914784250788	0.056810303536010645	0.08938737802192175	(0.021083185821403685, 0)	(0.07594176982058613, 0)
CAGCCTATAGGAGGAAATGA	0.07789348935741433	0.16532914784250788	0.05129800699154673	0.041773677374740255	(0.026595482365867604, 0)	(0.12355547046776763, 1)
ACCCCGCAAATTTATCCCGA	0.07789348935741433	0.16532914784250788	0.045263617705236785	0.05383584661434471	(0.032629871652177546, 1)	(0.11149330122816317, 1)
AAAACTGCGCTGTACCGCAC	0.07789348935741433	0.16532914784250788	0.032340031889820806	0.037899771518679806	(0.045553457467593525, 1)	(0.12742937632382806, 1)
ACCGCACCGGTGTTCGAACC	0.07789348935741433	0.16532914784250788	0.04218082975288941	0.039630385601155886	(0.035712659604524924, 1)	(0.12569876224135199, 1)
CCGCACCGGTGTTCGAACCC	0.07789348935741433	0.16532914784250788	0.057375160390498815	0.10132099260161972	(0.020518328966915515, 0)	(0.06400815524088815, 0)
CGCACCGGTGTTCGAACCCG	0.07789348935741433	0.16532914784250788	0.050437792987679655	0.053480111998127855	(0.027455696369734675, 0)	(0.11184903584438002, 1)
GCCCGCGCCATTGCCCATCT	0.07789348935741433	0.16532914784250788	0.041002364942148	0.03797893204983523	(0.03689112441526633, 1)	(0.12735021579267264, 1)
CGCGCCATTGCCCATCTTGG	0.07789348935741433	0.16532914784250788	0.056308937800272754	0.08347144314133803	(0.021584551557141576, 0)	(0.08185770470116985, 0)
CAGTGCCACAGCGATCTTCC	0.07789348935741433	0.16532914784250788	0.05551650706835069	0.08548542393920693	(0.022376982289063638, 0)	(0.07984372390330095, 0)
TGCCACAGCGATCTTCCCGG	0.07789348935741433	0.16532914784250788	0.058380410276592444	0.07220472373795075	(0.019513079080821887, 0)	(0.09312442410455712, 0)
GCCACAGCGATCTTCCCGGC	0.07789348935741433	0.16532914784250788	0.048590590826207494	0.05376295009153591	(0.029302898531206836, 0)	(0.11156619775097197, 1)
ACAGCGATCTTCCCGGCGGG	0.07789348935741433	0.16532914784250788	0.0496245634878178	0.053554624020276484	(0.028268925869596534, 0)	(0.1117745238222314, 1)
TTCCCGGCGGGTGGCGCGAC	0.07789348935741433	0.16532914784250788	0.06456361929783601	0.10355830816371685	(0.013329870059578322, 0)	(0.06177083967879103, 0)
TGGCGCGACCGGCGAACACC	0.07789348935741433	0.16532914784250788	0.04168218179749429	0.03699401815980275	(0.03621130755992004, 1)	(0.12833512968270513, 1)
CGAACACCTGGTTTCACTGT	0.07789348935741433	0.16532914784250788	0.05405127829329881	0.08628086887337215	(0.02384221106411552, 0)	(0.07904827896913573, 0)
ACACCTGGTTTCACTGTTGG	0.07789348935741433	0.16532914784250788	0.049836490605206486	0.06894276865795143	(0.028056998752207844, 0)	(0.09638637918455645, 0)
CTACTGTAGAAGCCAAAGAC	0.07789348935741433	0.16532914784250788	0.045826777608287225	0.0836253906150259	(0.032066711749127105, 1)	(0.08170375722748198, 0)
TAGAAGCCAAAGACTGGACC	0.07789348935741433	0.16532914784250788	0.0576416370817189	0.07451365514091154	(0.020251852275695433, 0)	(0.09081549270159633, 0)
GCAGAATTTACACGTACATG	0.07789348935741433	0.16532914784250788	0.05352331203751702	0.08258214089009915	(0.02437017731989731, 0)	(0.08274700695240873, 0)
GGAATTTATCCCCAATATTG	0.07789348935741433	0.16532914784250788	0.046992430168289086	0.05286845132663008	(0.030901059189125245, 1)	(0.1124606965158778, 1)
GAAAACTTTGCCTTCTTTAA	0.07789348935741433	0.16532914784250788	0.04154809404554797	0.023593878046354745	(0.03634539531186636, 1)	(0.14173526979615314, 1)
AACTTTGCCTTCTTTAAAGG	0.07789348935741433	0.16532914784250788	0.05177725391104181	0.08473879966836077	(0.026116235446372524, 0)	(0.0805903481741471, 0)
CTTCTTTAAAGGTGGATACA	0.07789348935741433	0.16532914784250788	0.05919469274640758	0.08286817793660763	(0.01869879661100675, 0)	(0.08246096990590025, 0)
AAAGGTGGATACACGGATTT	0.07789348935741433	0.16532914784250788	0.0330102553994512	0.02341117590740901	(0.044883233957963134, 1)	(0.14191797193509886, 1)
AAGGTGGATACACGGATTTT	0.07789348935741433	0.16532914784250788	0.049496476068461505	0.08440921837985267	(0.028397013288952826, 0)	(0.08091992946265521, 0)
ATACACGGATTTTGGGCCCC	0.07789348935741433	0.16532914784250788	0.053908746465133175	0.07228107520604585	(0.023984742892281155, 0)	(0.09304807263646203, 0)
CACGGATTTTGGGCCCCTGG	0.07789348935741433	0.16532914784250788	0.044455478200677336	0.053080074691402857	(0.033438011156736995, 1)	(0.11224907315110502, 1)
CACATGACGCCCCAGTTTTG	0.07789348935741433	0.16532914784250788	0.0556670955479532	0.08596553782439359	(0.022226393809461127, 0)	(0.07936361001811429, 0)
GCGCGCATTTTGTGATCTTC	0.07789348935741433	0.16532914784250788	0.046539165353156484	0.0530496566578114	(0.03135432400425785, 1)	(0.11227949118469648, 1)
AAAGTTCATACGTACAACGT	0.07789348935741433	0.16532914784250788	0.044198812795321105	0.08159131625289724	(0.033694676562093226, 1)	(0.08373783158961064, 0)
TTATTATCGCGATCTGTTGC	0.07789348935741433	0.16532914784250788	0.04123999685189672	0.013952220992856377	(0.03665349250551761, 1)	(0.1513769268496515, 1)
TATTATCGCGATCTGTTGCT	0.07789348935741433	0.16532914784250788	0.04908997948003197	0.03900824797341721	(0.02880350987738236, 0)	(0.12632089986909067, 1)
ATCTGTTGCTGGGCCTAACG	0.07789348935741433	0.16532914784250788	0.05111009111387046	0.0659720545727143	(0.026783398243543872, 0)	(0.09935709326979358, 0)
CTCCGTTGACTGAAACAACC	0.07789348935741433	0.16532914784250788	0.05149731731316391	0.0571003167567183	(0.02639617204425042, 0)	(0.10822883108578958, 0)
CGAATGAAATAACGCCGCGA	0.07789348935741433	0.16532914784250788	0.04911911573773258	0.06954550596733929	(0.02877437361968175, 0)	(0.0957836418751686, 0)
GGCGATAAATTAATCTCATT	0.07789348935741433	0.16532914784250788	0.06348663855831524	0.10016434384233215	(0.014406850799099091, 0)	(0.06516480400017573, 0)
AGATTAATTTATCGCCATCG	0.07789348935741433	0.16532914784250788	0.0574519903273651	0.09981500085597787	(0.02044149903004923, 0)	(0.06551414698653, 0)
CATCGCGGCGTTATTTCATT	0.07789348935741433	0.16532914784250788	0.04058539268773722	0.036787954123413284	(0.03730809666967711, 1)	(0.1285411937190946, 1)
TTTCATGTTCAAGCAACACC	0.07789348935741433	0.16532914784250788	0.05593488856680282	0.07064258822799221	(0.02195860079061151, 0)	(0.09468655961451566, 0)
CACCTGGTTGTTTCAGTCAA	0.07789348935741433	0.16532914784250788	0.038637696861018714	0.03750749151657065	(0.03925579249639562, 1)	(0.12782165632593723, 1)
CGGAGTATTACATGTCCAGA	0.07789348935741433	0.16532914784250788	0.03498829008025959	0.03806677539032149	(0.04290519927715474, 1)	(0.12726237245218638, 1)
ACAAAAATCGTTACCACGTT	0.07789348935741433	0.16532914784250788	0.052622333221979546	0.07093844955105785	(0.025271156135434784, 0)	(0.09439069829145003, 0)
TAATCTTGAAAAAGTTATCG	0.07789348935741433	0.16532914784250788	0.056153938413562386	0.05136834921353232	(0.021739550943851944, 0)	(0.11396079862897557, 1)
TCTTGAAAAAGTTATCGCGG	0.07789348935741433	0.16532914784250788	0.05776509998659093	0.08864994829388188	(0.020128389370823403, 0)	(0.076679199548626, 0)
CTTGAAAAAGTTATCGCGGC	0.07789348935741433	0.16532914784250788	0.06217621246195838	0.08535661821872312	(0.015717276895455948, 0)	(0.07997252962378476, 0)
GTACGTATGAACTTTTCTCA	0.07789348935741433	0.16532914784250788	0.04649027777950793	0.04360194674219538	(0.031403211577906404, 1)	(0.1217272011003125, 1)
TGAAGATCACAAAATGCGCG	0.07789348935741433	0.16532914784250788	0.04798132821284581	0.05377811648778051	(0.029912161144568523, 1)	(0.11155103135472737, 1)
TCGTGAGATTGCCGCAAAAC	0.07789348935741433	0.16532914784250788	0.044259611079504144	0.054252826064946094	(0.03363387827791019, 1)	(0.11107632177756178, 1)
CGTGAGATTGCCGCAAAACT	0.07789348935741433	0.16532914784250788	0.06103062151641928	0.08877858849814355	(0.016862867840995048, 0)	(0.07655055934436433, 0)
GTGAGATTGCCGCAAAACTG	0.07789348935741433	0.16532914784250788	0.0564796071750146	0.07194167011540273	(0.02141388218239973, 0)	(0.09338747772710515, 0)
CGCAAAACTGGGGCGTCATG	0.07789348935741433	0.16532914784250788	0.04871313898857972	0.05704240528981103	(0.02918035036883461, 0)	(0.10828674255269685, 0)
GGGGCGTCATGTGGCTATTC	0.07789348935741433	0.16532914784250788	0.03493916460667792	0.03624372476143907	(0.04295432475073641, 1)	(0.1290854230810688, 1)
GGGCGTCATGTGGCTATTCT	0.07789348935741433	0.16532914784250788	0.04512527649081296	0.06691516420050801	(0.03276821286660137, 1)	(0.09841398364199987, 0)
GGCTATTCTGGGTGACCTCC	0.07789348935741433	0.16532914784250788	0.05676932651353167	0.0719546085883799	(0.02112416284388266, 0)	(0.09337453925412798, 0)
GCTATTCTGGGTGACCTCCA	0.07789348935741433	0.16532914784250788	0.05559702285916979	0.08654121186500126	(0.022296466498244544, 0)	(0.07878793597750662, 0)
CTATTCTGGGTGACCTCCAG	0.07789348935741433	0.16532914784250788	0.05423235861507595	0.06995419318593254	(0.02366113074233838, 0)	(0.09537495465657533, 0)
CGTGTATCCACCTTTAAAGA	0.07789348935741433	0.16532914784250788	0.059724408327190434	0.1013640977694944	(0.018169081030223896, 0)	(0.06396505007301348, 0)
GGCAAAGTTTTCCTCAATAT	0.07789348935741433	0.16532914784250788	0.050792454409343005	0.06838795860710965	(0.027101034948071326, 0)	(0.09694118923539823, 0)
GCAAAGTTTTCCTCAATATT	0.07789348935741433	0.16532914784250788	0.03918798771562077	0.03831832388727461	(0.03870550164179356, 1)	(0.12701082395523328, 1)
CAAAGTTTTCCTCAATATTG	0.07789348935741433	0.16532914784250788	0.043706819461172844	0.037690968255771444	(0.03418666989624149, 1)	(0.12763817958673643, 1)
TTTCAACGTCCAGACGAGTC	0.07789348935741433	0.16532914784250788	0.0487765182314673	0.08190884272972702	(0.02911697112594703, 0)	(0.08342030511278085, 0)
TCAGGTCCTGATACACGATG	0.07789348935741433	0.16532914784250788	0.04337652326768986	0.06798483745286381	(0.034516966089724474, 1)	(0.09734431038964407, 0)
GTCCTGATACACGATGCGGC	0.07789348935741433	0.16532914784250788	0.05980620241290391	0.06982860803416491	(0.018087286944510422, 0)	(0.09550053980834297, 0)
ACACGATGCGGCCGGCACCC	0.07789348935741433	0.16532914784250788	0.048284666779100045	0.056323196648933746	(0.029608822578314285, 0)	(0.10900595119357413, 0)
GGCCGGCACCCAGGTTAACG	0.07789348935741433	0.16532914784250788	0.05389410743948021	0.09852041028244472	(0.023999381917934118, 0)	(0.06680873756006316, 0)
CAGGTTAACGTGGCCTACTT	0.07789348935741433	0.16532914784250788	0.06990922720756532	0.1153437238012844	(0.007984262149849014, 0)	(0.049985424041223483, 0)
CTTCGGAGTTACCCATCTGA	0.07789348935741433	0.16532914784250788	0.04739508193604675	0.06898538546118582	(0.030498407421367578, 1)	(0.09634376238132206, 0)
GAGTTACCCATCTGACGGTC	0.07789348935741433	0.16532914784250788	0.05615604532072932	0.07280324281061124	(0.02173744403668501, 0)	(0.09252590503189664, 0)
AGGCAGACCGACTTCCAGAC	0.07789348935741433	0.16532914784250788	0.04188231452519122	0.037316505347367315	(0.03601117483222311, 1)	(0.12801264249514055, 1)
CCAGACCGGAAGCGTCGATT	0.07789348935741433	0.16532914784250788	0.03569713367846614	0.038268009117405605	(0.04219635567894819, 1)	(0.12706113872510227, 1)
CAGACCGGAAGCGTCGATTA	0.07789348935741433	0.16532914784250788	0.046410202227057475	0.054337359777216966	(0.031483287130356856, 1)	(0.11099178806529092, 1)
GAAGCGTCGATTAGGGTATG	0.07789348935741433	0.16532914784250788	0.045106280785262125	0.051975625074831486	(0.032787208572152206, 1)	(0.11335352276767639, 1)
GATTAGGGTATGCGGACGAT	0.07789348935741433	0.16532914784250788	0.04071414703888665	0.04996961237834678	(0.03717934231852768, 1)	(0.1153595354641611, 1)
GCCCACAGTGCATCCATTAC	0.07789348935741433	0.16532914784250788	0.05443832113046142	0.07090528684054367	(0.023455168226952913, 0)	(0.0944238610019642, 0)
CCCACAGTGCATCCATTACC	0.07789348935741433	0.16532914784250788	0.04528132508579156	0.03752751916909776	(0.03261216427162277, 1)	(0.1278016286734101, 1)
CCACAGTGCATCCATTACCG	0.07789348935741433	0.16532914784250788	0.05033305243300035	0.05482596750272813	(0.027560436924413984, 0)	(0.11050318033977974, 1)
CGGGGTTTTAGCACTAAAAA	0.07789348935741433	0.16532914784250788	0.03540731734084736	0.03503614118900041	(0.04248617201656697, 1)	(0.13029300665350746, 1)
TCCAGAATCACCAGTACCAT	0.07789348935741433	0.16532914784250788	0.05663961379376449	0.08848896193590011	(0.02125387556364984, 0)	(0.07684018590660777, 0)
TCAAAATATACGACCGCTCG	0.07789348935741433	0.16532914784250788	0.05447134186603044	0.04421695556484385	(0.02342214749138389, 0)	(0.12111219227766404, 1)
TCGTATATTTTGATCTTCAG	0.07789348935741433	0.16532914784250788	0.04576358559671154	0.05551967375698118	(0.032129903760702794, 1)	(0.1098094740855267, 1)
AATTTTGACTCTTGAGTATG	0.07789348935741433	0.16532914784250788	0.04086400193769295	0.0520347367958787	(0.03702948741972138, 1)	(0.11329441104662918, 1)
GTATGAGGTTGTCGCAATGT	0.07789348935741433	0.16532914784250788	0.04779014619390216	0.041541026583528456	(0.030103343163512174, 1)	(0.12378812125897942, 1)
GTTGGTTTCTAAAAAACCTA	0.07789348935741433	0.16532914784250788	0.047271539853151114	0.07144090628603836	(0.030621949504263217, 1)	(0.09388824155646952, 0)
ACCTATGGTACTGGTGATTC	0.07789348935741433	0.16532914784250788	0.0370602829989289	0.038637023057727475	(0.04083320635848543, 1)	(0.1266921247847804, 1)
ATGGTACTGGTGATTCTGGA	0.07789348935741433	0.16532914784250788	0.047224348048802364	0.04227285720562053	(0.030669141308611966, 1)	(0.12305629063688735, 1)
CTGGTGATTCTGGATGGCTA	0.07789348935741433	0.16532914784250788	0.0460706024144059	0.053650454033636316	(0.03182288694300843, 1)	(0.11167869380887156, 1)
TGGCTATCGCGAAGAACAGC	0.07789348935741433	0.16532914784250788	0.05474961614573526	0.08608146294494207	(0.023143873211679072, 0)	(0.07924768489756581, 0)
CATTTTTAGTGCTAAAACCC	0.07789348935741433	0.16532914784250788	0.044972925914911276	0.03817929747523602	(0.032920563442503055, 1)	(0.12714985036727186, 1)
TAGTGCTAAAACCCCGGTAA	0.07789348935741433	0.16532914784250788	0.04630874601145122	0.04279063292202211	(0.03158474334596311, 1)	(0.12253851492048577, 1)
CCCCGGTAATGGATGCACTG	0.07789348935741433	0.16532914784250788	0.051841973335992955	0.06786305419440948	(0.026051516021421375, 0)	(0.0974660936480984, 0)
CCCGGTAATGGATGCACTGT	0.07789348935741433	0.16532914784250788	0.06773860589354946	0.13133759799696587	(0.010154883463864867, 0)	(0.03399154984554201, 0)
CATACCCTAATCGACGCTTC	0.07789348935741433	0.16532914784250788	0.05383479854148902	0.06601633421004746	(0.024058690815925307, 0)	(0.09931281363246042, 0)
CCTAATCGACGCTTCCGGTC	0.07789348935741433	0.16532914784250788	0.05599216834199877	0.08053009782625518	(0.02190132101541556, 0)	(0.0847990500162527, 0)
CAGATGGGTAACTCCGAAGT	0.07789348935741433	0.16532914784250788	0.03868604256779357	0.03710166104592488	(0.03920744678962076, 1)	(0.128227486796583, 1)
CGAAGTAGGCCACGTTAACC	0.07789348935741433	0.16532914784250788	0.05621509577735477	0.08751988827163307	(0.02167839358005956, 0)	(0.07780925957087481, 0)
GAAGTAGGCCACGTTAACCT	0.07789348935741433	0.16532914784250788	0.048215024750685634	0.05211729515210099	(0.029678464606728697, 1)	(0.11321185269040689, 1)
GGCCACGTTAACCTGGGTGC	0.07789348935741433	0.16532914784250788	0.05415067239600185	0.07095402092757191	(0.023742816961412477, 0)	(0.09437512691493596, 0)
TGCCGGCCGCATCGTGTATC	0.07789348935741433	0.16532914784250788	0.044607732671756925	0.05401249832587712	(0.033285756685657406, 1)	(0.11131664951663076, 1)
GTATCAGGACCTGACTCGTC	0.07789348935741433	0.16532914784250788	0.039327811249414625	0.037244523891143	(0.038565678107999705, 1)	(0.12808462395136488, 1)
TCGCGCTTTCTTTGCTAATC	0.07789348935741433	0.16532914784250788	0.0426625571462305	0.053692081945293825	(0.035230932211183834, 1)	(0.11163706589721406, 1)
CGTCGATACCACGTTTTTTC	0.07789348935741433	0.16532914784250788	0.049239679953009166	0.08407636757154484	(0.028653809404405164, 0)	(0.08125278027096304, 0)
TTTCAGGTTTTCGATAGCCA	0.07789348935741433	0.16532914784250788	0.035088111621772645	0.022500321209522986	(0.042805377735641685, 1)	(0.1428288266329849, 1)
GGTTTTCGATAGCCACGGCG	0.07789348935741433	0.16532914784250788	0.04537095622280408	0.06760364585823635	(0.03252253313461025, 1)	(0.09772550198427153, 0)
ATGTTCTCGTCGCGGAATTC	0.07789348935741433	0.16532914784250788	0.04463107290127886	0.040687459093209984	(0.03326241645613547, 1)	(0.1246416887492979, 1)
TGTTCTCGTCGCGGAATTCC	0.07789348935741433	0.16532914784250788	0.045533528522873325	0.08137293074455489	(0.032359960834541006, 1)	(0.08395621709795299, 0)
CCGGGAAACGCGCAGAACCG	0.07789348935741433	0.16532914784250788	0.05512175240715054	0.1014275531231665	(0.022771736950263792, 0)	(0.06390159471934138, 0)
AACCGAGGAACGTACCGCCA	0.07789348935741433	0.16532914784250788	0.04013433875618877	0.0552774365231843	(0.03775915060122556, 1)	(0.11005171131932358, 1)
TCATGTCAGACACGCTGTAA	0.07789348935741433	0.16532914784250788	0.03371646488573577	0.03472019749014721	(0.04417702447167856, 1)	(0.13060895035236067, 1)
AACGGTCTAGCTGTACCATA	0.07789348935741433	0.16532914784250788	0.05281159347919252	0.06425067814658222	(0.025081895878221808, 0)	(0.10107846969592565, 0)
ACGAACAACCCCGCGAATTG	0.07789348935741433	0.16532914784250788	0.05516447407217497	0.0825078285190548	(0.022729015285239358, 0)	(0.08282131932345307, 0)
CGAATTGCGGCGTTCATGCC	0.07789348935741433	0.16532914784250788	0.03963256993067148	0.05248697539246603	(0.038260919426742854, 1)	(0.11284217245004186, 1)
TCATGACTACCTCTGAACTT	0.07789348935741433	0.16532914784250788	0.05118398076921735	0.07002797477273463	(0.026709508588196977, 0)	(0.09530117306977325, 0)
TGCAAAATGAAATCTGTTGC	0.07789348935741433	0.16532914784250788	0.04166725233036003	0.03973189046413404	(0.0362262370270543, 1)	(0.12559725737837385, 1)
TATACTATTTGCACATTCGT	0.07789348935741433	0.16532914784250788	0.05120631279901492	0.04256114819227522	(0.02668717655839941, 0)	(0.12276799965023266, 1)
TCGATGTGCAAGAAGACTTC	0.07789348935741433	0.16532914784250788	0.04935965495836157	0.08482646212705382	(0.028533834399052757, 0)	(0.08050268571545406, 0)
TTTTGCATTCCAAAGTTCAG	0.07789348935741433	0.16532914784250788	0.05534105750384458	0.08355594634745794	(0.022552431853569747, 0)	(0.08177320149504994, 0)
GTAGTCATGATTAAGAAAAT	0.07789348935741433	0.16532914784250788	0.055633864627959405	0.08558413871271836	(0.022259624729454926, 0)	(0.07974500912978952, 0)
AAAATCGGTGTGTTGACAAG	0.07789348935741433	0.16532914784250788	0.04822303326002923	0.07085632777661725	(0.029670456097385098, 0)	(0.09447282006589063, 0)
ATCGGTGTGTTGACAAGCGG	0.07789348935741433	0.16532914784250788	0.05388827297255353	0.06917899524014433	(0.0240052163848608, 0)	(0.09615015260236355, 0)
GGCATGAACGCCGCAATTCG	0.07789348935741433	0.16532914784250788	0.044522865442248295	0.051456383844203736	(0.033370623915166035, 1)	(0.11387276399830415, 1)
GCATGAACGCCGCAATTCGC	0.07789348935741433	0.16532914784250788	0.05599923263582647	0.05877322839110967	(0.02189425672158786, 0)	(0.10655591945139821, 0)
CATGAACGCCGCAATTCGCG	0.07789348935741433	0.16532914784250788	0.058981618901085844	0.10300366630777347	(0.018911870456328486, 0)	(0.06232548153473441, 0)
GTTCGTTCTGCGCTGACAGA	0.07789348935741433	0.16532914784250788	0.038814950183529096	0.03727368014819176	(0.039078539173885235, 1)	(0.1280554676943161, 1)
TTCTGCGCTGACAGAAGGTC	0.07789348935741433	0.16532914784250788	0.03775669550316403	0.02327684603247284	(0.0401367938542503, 1)	(0.14205230181003503, 1)
GACAGAAGGTCTGGAAGTAA	0.07789348935741433	0.16532914784250788	0.04530949900428752	0.06786048313020124	(0.03258399035312681, 1)	(0.09746866471230664, 0)
ACAGAAGGTCTGGAAGTAAT	0.07789348935741433	0.16532914784250788	0.03870577985976887	0.05149521749743746	(0.03918770949764546, 1)	(0.11383393034507042, 1)
GAAGTAATGGGTATTTATGA	0.07789348935741433	0.16532914784250788	0.05502879001988357	0.08213941906625369	(0.022864699337530763, 0)	(0.08318972877625419, 0)
GGGTATTTATGACGGCTATC	0.07789348935741433	0.16532914784250788	0.05472829403610406	0.08535227826833489	(0.02316519532131027, 0)	(0.07997686957417299, 0)
GGTATTTATGACGGCTATCT	0.07789348935741433	0.16532914784250788	0.057175026923021996	0.08513351335621575	(0.020718462434392335, 0)	(0.08019563448629213, 0)
GTGTCTGACATGATCAACCG	0.07789348935741433	0.16532914784250788	0.056368052042198524	0.10091156253396767	(0.021525437315215806, 0)	(0.0644175853085402, 0)
TCTGACATGATCAACCGTGG	0.07789348935741433	0.16532914784250788	0.051655660525579794	0.08533540732790457	(0.026237828831834537, 0)	(0.07999374051460331, 0)
AACCGTGGCGGTACGTTCCT	0.07789348935741433	0.16532914784250788	0.05268499368730255	0.04239957577358319	(0.025208495670111783, 0)	(0.12292957206892469, 1)
CCTCGGTTCTGCGCGTTTCC	0.07789348935741433	0.16532914784250788	0.06905944211207019	0.1325130978660714	(0.008834047245344145, 0)	(0.03281604997643647, 0)
CGACGAGAACATCCGCGCCG	0.07789348935741433	0.16532914784250788	0.04602081580325503	0.05376292457270589	(0.0318726735541593, 1)	(0.11156622326980198, 1)
ATCGAAAACCTGAAAAAACG	0.07789348935741433	0.16532914784250788	0.06061475316331918	0.0706230752681287	(0.017278736194095153, 0)	(0.09470607257437919, 0)
AAAACGTGGTATCGACGCGC	0.07789348935741433	0.16532914784250788	0.06187764095391757	0.09996689011803614	(0.016015848403496763, 0)	(0.06536225772447174, 0)
ACGTGGTATCGACGCGCTGG	0.07789348935741433	0.16532914784250788	0.05158691939559784	0.07461562926684627	(0.02630656996181649, 0)	(0.09071351857566161, 0)
CAGCGAAAACCCGATTGATC	0.07789348935741433	0.16532914784250788	0.03616412852697278	0.027069996652251675	(0.04172936083044155, 1)	(0.1382591511902562, 1)
TCAGTTAGCTAACTGCTATA	0.07789348935741433	0.16532914784250788	0.03795210766851399	0.03767042855388596	(0.03994138168890034, 1)	(0.12765871928862194, 1)
CAGTTAGCTAACTGCTATAT	0.07789348935741433	0.16532914784250788	0.060033343963187435	0.10140569178020467	(0.017860145394226895, 0)	(0.06392345606230321, 0)
TAGCTAACTGCTATATGGGT	0.07789348935741433	0.16532914784250788	0.053245929903831736	0.07099317679272546	(0.024647559453582595, 0)	(0.09433597104978242, 0)
AGCTAACTGCTATATGGGTC	0.07789348935741433	0.16532914784250788	0.04470593717237893	0.05457808328168766	(0.0331875521850354, 1)	(0.11075106456082022, 1)
ACTGCTATATGGGTCGGGCT	0.07789348935741433	0.16532914784250788	0.05433305946773811	0.0557665399933349	(0.023560429889676222, 0)	(0.10956260784917299, 1)
CGGGCTGGGTTGATAAACTC	0.07789348935741433	0.16532914784250788	0.045948575970877696	0.051940994637045504	(0.031944913386536634, 1)	(0.11338815320546237, 1)
GATAAACTCCGGCGGTGCTG	0.07789348935741433	0.16532914784250788	0.03144907130826668	0.03574055705436564	(0.04644441804914765, 1)	(0.12958859078814222, 1)
ATAAACTCCGGCGGTGCTGC	0.07789348935741433	0.16532914784250788	0.05629244343140195	0.08616927376313842	(0.021601045926012377, 0)	(0.07915987407936946, 0)
CAGCGATGCAGTGCGTACTG	0.07789348935741433	0.16532914784250788	0.03456743728874019	0.036332852907449656	(0.04332605206867414, 1)	(0.1289962949350582, 1)
GCGGTTATCAACAAACGCGC	0.07789348935741433	0.16532914784250788	0.042700598768534104	0.021895962051982208	(0.03519289058888023, 1)	(0.14343318579052566, 1)
GTTATCAACAAACGCGCAGG	0.07789348935741433	0.16532914784250788	0.03883355889460562	0.03369976390625622	(0.03905993046280871, 1)	(0.13162938393625168, 1)
CAACAAACGCGCAGGCGGAA	0.07789348935741433	0.16532914784250788	0.0585885628016947	0.07003232337606959	(0.01930492655571963, 0)	(0.09529682446643829, 0)
AACAAACGCGCAGGCGGAAT	0.07789348935741433	0.16532914784250788	0.052599621317643876	0.08541224310689031	(0.025293868039770455, 0)	(0.07991690473561756, 0)
ACAAACGCGCAGGCGGAATG	0.07789348935741433	0.16532914784250788	0.04638803212077787	0.03764734926323854	(0.03150545723663646, 1)	(0.12768179857926934, 1)
GGCGGAATGGGGCTGATTCT	0.07789348935741433	0.16532914784250788	0.052438308117983036	0.07016888828010102	(0.025455181239431295, 0)	(0.09516025956240685, 0)
TAAAGCGTTCAAGAAATCGA	0.07789348935741433	0.16532914784250788	0.04550496235621604	0.06758363271910718	(0.03238852700119829, 1)	(0.0977455151234007, 0)
TTCAAGAAATCGATGGCTGA	0.07789348935741433	0.16532914784250788	0.03557352116986279	0.050468883618615235	(0.04231996818755154, 1)	(0.11486026422389264, 1)
GAAACTGATTAACGCCGTGC	0.07789348935741433	0.16532914784250788	0.04495799315253234	0.052050952732307934	(0.03293549620488199, 1)	(0.11327819511019994, 1)
TACGAACAACACCACCCCGT	0.07789348935741433	0.16532914784250788	0.05517906010018085	0.08512537864200509	(0.02271442925723348, 0)	(0.08020376920050279, 0)
AACAACACCACCCCGTAGGA	0.07789348935741433	0.16532914784250788	0.032130744991317226	0.03531234490704985	(0.045762744366097105, 1)	(0.13001680293545803, 1)
GGGGTGGTGTTGTTCGTATA	0.07789348935741433	0.16532914784250788	0.05161443636743022	0.07003603832263325	(0.026279052989984113, 0)	(0.09529310951987463, 0)
TTGTTCGTATAAGGCGTATC	0.07789348935741433	0.16532914784250788	0.046696302016915804	0.05311645335492029	(0.031197187340498526, 1)	(0.11221269448758758, 1)
ATCGAGATAAACGTCCTGCA	0.07789348935741433	0.16532914784250788	0.050917418718850714	0.05257675477834569	(0.026976070638563616, 0)	(0.11275239306416218, 1)
CAGTACGCACTGCATCGCTG	0.07789348935741433	0.16532914784250788	0.054989776772093636	0.08683781986458858	(0.022903712585320694, 0)	(0.0784913279779193, 0)
TTCACCGCCCGCAGCACCGC	0.07789348935741433	0.16532914784250788	0.05195524158084167	0.08518723795577428	(0.025938247776572658, 0)	(0.0801419098867336, 0)
TGATAACGCACCAGATCAAT	0.07789348935741433	0.16532914784250788	0.04730719299418532	0.06831994332896452	(0.03058629636322901, 1)	(0.09700920451354336, 0)
GATAACGCACCAGATCAATC	0.07789348935741433	0.16532914784250788	0.05055899567635484	0.053820602039967545	(0.027334493681059488, 0)	(0.11150854580254033, 1)
CAGATCAATCGGGTTTTCGC	0.07789348935741433	0.16532914784250788	0.06461513300383821	0.11804805103934313	(0.013278356353576118, 0)	(0.04728109680316475, 0)
TTTGCTGTAAACACGATCGT	0.07789348935741433	0.16532914784250788	0.03770823741089197	0.03706561484059985	(0.04018525194652236, 1)	(0.12826353300190801, 1)
