guideID	guideSeq	RNA_DNA_eng	RNA_DNA_eng_weighted	DNA_DNA_opening	spacer_self_fold	CRISPRoff_score
1	GTGACGTTCGTTCAGTTTCCAGG	-22.9	(-42.191018957794206, 0)	(26.76, 0)	(0.0, 1)	15.431018957794205
2	CAGTTTCCAGGATTTCTCAACGG	-21.55	(-38.35151905085649, 0)	(24.39, 0)	(0.0, 1)	13.961519050856488
3	AGTTTCCAGGATTTCTCAACGGG	-22.75	(-40.07361602295967, 0)	(24.380000000000003, 0)	(0.0, 1)	15.693616022959668
4	GTTCGTCCAGCACATTCCACAGG	-26.2	(-47.24852457726965, 1)	(27.71, 0)	(0.0, 1)	19.538524577269648
5	TTCGTCCAGCACATTCCACAGGG	-25.5	(-45.42719670748885, 0)	(27.72, 0)	(0.0, 1)	17.707196707488848
6	CCAGCACATTCCACAGGGTATGG	-29.05	(-54.58053408934803, 1)	(27.49, 0)	(0.0, 1)	27.090534089348026
7	CAGATCCACGTCGTACCAACCGG	-27.40000000000001	(-49.5229423285566, 1)	(27.21, 0)	(0.0, 1)	22.3129423285566
8	CGTCGTACCAACCGGTGAAACGG	-28.35	(-50.95231631964216, 1)	(28.31, 0)	(-2.7, 1)	19.942316319642156
9	GCATTGCTGTTGCTTCGTCGCGG	-25.7	(-45.64156078990384, 0)	(28.78, 0)	(-1.9, 1)	14.961560789903835
10	TATCATTAAAAGATGATTTGAGG	-18.15	(-33.597364542989176, 0)	(20.21, 0)	(-2.9, 1)	10.487364542989177
11	TGATTTGAGGAGTAAGTATATGG	-22.100000000000005	(-38.71119968591073, 0)	(21.86, 0)	(0.0, 1)	16.851199685910732
12	GTATATGGCTGTAACTAAGCTGG	-25.6	(-45.01221629912031, 0)	(23.46, 0)	(-1.0, 1)	20.55221629912031
13	GGCTGTAACTAAGCTGGTTCTGG	-28.1	(-51.77231838044909, 1)	(25.96, 0)	(-3.3, 1)	22.51231838044909
14	AAGCTGGTTCTGGTTCGTCATGG	-26.6	(-47.74124319926273, 1)	(27.500000000000004, 0)	(-0.3, 1)	19.941243199262733
15	TTCGTCATGGCGAAAGTCAGTGG	-26.85	(-49.04253759062578, 1)	(27.290000000000006, 0)	(-3.1, 1)	18.652537590625776
16	AACAAAGAAAACCGTTTCACCGG	-23.75	(-43.206633424458445, 0)	(24.550000000000004, 0)	(-0.4, 1)	18.256633424458443
17	AAGAAAACCGTTTCACCGGTTGG	-26.3	(-47.51212720688386, 1)	(26.950000000000003, 0)	(-3.3, 1)	17.26212720688386
18	TTTCACCGGTTGGTACGACGTGG	-27.750000000000004	(-48.790772353951446, 1)	(28.31, 0)	(-1.7, 1)	18.78077235395144
19	GACGTGGATCTGTCTGAGAAAGG	-27.15000000000001	(-48.81691840731407, 1)	(26.200000000000006, 0)	(-2.1, 1)	20.516918407314066
20	GTAAGCGAAGCAAAAGCAGCAGG	-29.5	(-53.9057451069994, 1)	(27.47, 0)	(-0.8, 1)	25.6357451069994
21	GGTAAGCTGCTGAAAGAGGAAGG	-29.950000000000003	(-53.68899213421173, 1)	(26.380000000000003, 0)	(0.0, 1)	27.308992134211728
22	AACGCGCTATCCATACCCTGTGG	-28.85	(-53.68225352810698, 1)	(27.9, 0)	(0.0, 1)	25.782253528106985
23	GTGGAATGTGCTGGACGAACTGG	-30.7	(-57.04426316899551, 1)	(27.71, 0)	(0.0, 1)	29.334263168995506
24	TGTGCTGGACGAACTGGATCAGG	-30.750000000000004	(-55.33367080827816, 1)	(27.850000000000005, 0)	(-0.6, 1)	26.88367080827815
25	TGGACGAACTGGATCAGGCATGG	-31.799999999999997	(-58.71954903510435, 1)	(28.25, 0)	(-0.4, 1)	30.069549035104355
26	GGCTGCCCGTTGAGAAATCCTGG	-30.500000000000004	(-54.08009289758847, 1)	(28.69, 0)	(-0.1, 1)	25.29009289758847
27	AAACTGAACGAACGTCACTACGG	-25.4	(-45.45163584770133, 0)	(25.48, 0)	(0.0, 1)	19.97163584770133
28	CGTCACTACGGTGCGTTGCAGGG	-28.85	(-52.67809571369124, 1)	(29.99000000000001, 0)	(-4.1, 0)	18.588095713691235
29	TTCGTATTCCACGGTGGTTCCGG	-25.55	(-47.784592664475376, 1)	(26.880000000000003, 0)	(-0.8, 1)	20.104592664475376
30	TGGTTCCGGTTCTACTGCTCAGG	-27.75	(-49.172549835285686, 1)	(27.47, 0)	(-0.5, 1)	21.202549835285684
31	ATCAAAGACTCCGTAAGCTACGG	-24.9	(-44.76646644102269, 0)	(24.64, 0)	(0.0, 1)	20.126466441022693
32	ACATCGATACCGATACCCAATGG	-26.3	(-48.214758801048255, 1)	(25.78, 0)	(-2.1, 1)	20.334758801048256
33	CATCGATACCGATACCCAATGGG	-25.35	(-46.17231804521085, 0)	(25.219999999999995, 0)	(-2.1, 1)	18.852318045210847
34	CCGATACCCAATGGGCAACCTGG	-31.9	(-58.186177011860174, 1)	(28.32, 0)	(-2.3, 1)	27.56617701186018
35	CGATACCCAATGGGCAACCTGGG	-30.45	(-54.35628032160968, 1)	(27.76, 0)	(-2.3, 1)	24.296280321609675
36	AGCGAACGAAGCTTATCTGCAGG	-28.149999999999995	(-51.36506557152955, 1)	(27.43, 0)	(-1.4, 1)	22.53506557152955
37	GCGAACGAAGCTTATCTGCAGGG	-27.25	(-49.20416809044597, 1)	(27.6, 0)	(-1.6, 1)	20.00416809044597
38	AGCTTATCTGCAGGGTCAGCTGG	-30.05	(-56.00872038714856, 1)	(27.65, 0)	(-2.9, 1)	25.45872038714856
39	GCTTATCTGCAGGGTCAGCTGGG	-29.15	(-52.78144619262794, 1)	(27.65000000000001, 0)	(-3.9, 0)	21.23144619262793
40	GGTCAGCTGGGTAACCCGAAAGG	-31.950000000000006	(-57.450889981968885, 1)	(28.57, 0)	(-3.1, 1)	25.780889981968887
41	AATACTACGATCCGCGCGTATGG	-27.4	(-49.60272103521904, 1)	(27.700000000000006, 0)	(-0.8, 1)	21.10272103521904
42	GACTTCGATGATCGCTCGTCTGG	-26.3	(-47.66665465294414, 1)	(27.500000000000007, 0)	(-2.6, 1)	17.56665465294413
43	TCGTCTGGAGAAAGCATTCCAGG	-27.45	(-48.73916724238815, 1)	(26.65, 0)	(-0.7, 1)	21.389167242388147
44	ATTCCTTTCTGCTTATCTCAAGG	-19.599999999999994	(-36.67058399640076, 0)	(23.64, 0)	(0.0, 1)	13.030583996400756
45	TTATCTCAAGGCCCGCTCTGCGG	-28.15	(-52.42408376325154, 1)	(27.550000000000004, 0)	(0.0, 1)	24.874083763251534
46	TATCTCAAGGCCCGCTCTGCGGG	-30.65	(-56.05265800512126, 1)	(28.790000000000006, 0)	(0.0, 1)	27.262658005121253
47	GCATCAGGCAATTTTGCTTTTGG	-23.05	(-39.03121428373385, 0)	(25.98, 0)	(-3.2, 1)	9.851214283733851
48	CGAAAAAAAGACCCGCAGAGCGG	-28.6	(-53.18969049814352, 1)	(26.89, 0)	(0.0, 1)	26.29969049814352
49	GAAAAAAAGACCCGCAGAGCGGG	-29.6	(-54.916275764996456, 1)	(26.960000000000008, 0)	(0.0, 1)	27.956275764996448
50	GGGCCTTGAGATAAGCAGAAAGG	-29.45	(-54.53728179967405, 1)	(26.380000000000003, 0)	(0.0, 1)	28.157281799674045
51	CGTCGATCGCGTTCAGTTCCTGG	-26.2	(-47.3957321381774, 1)	(29.190000000000005, 0)	(0.0, 1)	18.2057321381774
52	AGCGATCATCGAAGTCTGACCGG	-27.250000000000007	(-50.91344356260768, 1)	(26.760000000000005, 0)	(-0.2, 1)	23.953443562607674
53	CCGGCACGCAGCCATACGCGCGG	-34.9	(-63.63743451794927, 1)	(33.13, 0)	(-4.0, 0)	26.50743451794927
54	GGATCGTAGTATTTCTTGTTCGG	-20.05	(-35.74024314200197, 0)	(23.16, 0)	(0.0, 1)	12.580243142001972
55	TTCGGCTGATCTTCGCCTTTCGG	-25.1	(-45.31204486856393, 0)	(27.870000000000008, 0)	(-4.0, 0)	13.442044868563922
56	TCGGCTGATCTTCGCCTTTCGGG	-26.65	(-48.96972630370571, 1)	(28.17, 0)	(-4.0, 0)	16.79972630370571
57	GTAGTTCAGAACGCCTTCCCAGG	-26.700000000000003	(-49.618850234250736, 1)	(27.020000000000003, 0)	(0.0, 1)	22.598850234250733
58	CGCCTTCCCAGGTTGCCCATTGG	-30.25	(-55.014475880805854, 1)	(30.22, 0)	(-2.5, 1)	22.29447588080585
59	GCCTTCCCAGGTTGCCCATTGGG	-28.750000000000004	(-51.032374354740206, 1)	(29.05, 0)	(-2.0, 1)	19.98237435474021
60	TTTTACTACGCCGTAGCTTACGG	-22.5	(-39.9861531500032, 0)	(25.14, 0)	(-1.3, 1)	13.5461531500032
61	GATTTCCTGAGCAGTAGAACCGG	-25.10000000000001	(-45.39344078772535, 0)	(24.640000000000004, 0)	(0.0, 1)	20.75344078772535
62	CAGTAGAACCGGAACCACCGTGG	-30.6	(-55.85699383707358, 1)	(28.1, 0)	(-1.4, 1)	26.35699383707358
63	TTTATCAGTGGTGAAAGTAAAGG	-21.700000000000003	(-38.47218909975945, 0)	(22.71, 0)	(-1.0, 1)	14.76218909975945
64	GTTACCGCCTTCCAGTTTCATGG	-23.65	(-40.10250879676168, 0)	(26.89, 0)	(0.0, 1)	13.212508796761682
65	CGCCTTCCAGTTTCATGGTGCGG	-25.9	(-47.52603353069767, 1)	(27.65, 0)	(-2.6, 1)	17.276033530697667
66	AGTTTCATGGTGCGGATTTCCGG	-24.95	(-44.174592105490106, 0)	(26.26, 0)	(0.0, 1)	17.914592105490108
67	CCGGACCTTTGGTATCAAGCAGG	-28.5	(-53.07924234264166, 1)	(27.17, 0)	(-0.7, 1)	25.20924234264166
68	TTTGGTATCAAGCAGGATAGCGG	-25.35	(-47.33451785364086, 1)	(24.07, 0)	(-1.1, 1)	22.16451785364086
69	GGTATCAAGCAGGATAGCGGCGG	-30.9	(-56.46538924545957, 1)	(26.87, 0)	(-3.9, 0)	25.69538924545957
70	AGCTAACATCTCTTCAGATTCGG	-22.0	(-39.27515013057069, 0)	(23.520000000000003, 0)	(-0.2, 1)	15.55515013057068
71	ATCTCTTCAGATTCGGTTTTCGG	-19.8	(-35.84042885101493, 0)	(24.0, 0)	(0.0, 1)	11.840428851014927
72	AGATTCGGTTTTCGGTCCGATGG	-25.3	(-44.68828860600157, 0)	(27.570000000000004, 0)	(-3.9, 0)	13.21828860600156
73	TCCGATGGTGCAAACAATTTTGG	-25.099999999999994	(-43.67429396298165, 0)	(26.13, 0)	(0.0, 1)	17.54429396298165
74	TCTTAGTCTTTAAGTTGAGAAGG	-19.1	(-34.17613958535266, 0)	(22.09, 0)	(-1.8, 1)	10.28613958535266
75	AGTCTTTAAGTTGAGAAGGATGG	-22.9	(-43.20333284191097, 0)	(23.35, 0)	(-1.6, 1)	18.253332841910968
76	GTCTTTAAGTTGAGAAGGATGGG	-22.25	(-41.08067279475439, 0)	(22.95, 0)	(-1.9, 1)	16.230672794754394
77	GATGGGAGAAACTTGCTTTCTGG	-26.3	(-46.89072178865325, 0)	(25.18, 0)	(-0.7, 1)	21.010721788653253
78	ATGGGAGAAACTTGCTTTCTGGG	-25.4	(-46.4827880153625, 0)	(25.16, 0)	(-1.9, 1)	19.422788015362503
79	TTGCTTTCTGGGCGCACTGCCGG	-30.65	(-57.553649874101644, 1)	(30.190000000000005, 0)	(-1.7, 1)	25.66364987410164
80	GCACTGCCGGAAAGCGAATCCGG	-31.8	(-55.9910919744387, 1)	(29.420000000000005, 0)	(-0.9, 1)	25.6710919744387
81	CGAATCCGGTATTACGAAAGTGG	-25.4	(-44.744685875533534, 0)	(25.17, 0)	(-1.0, 1)	18.574685875533536
82	ATCCGGTATTACGAAAGTGGTGG	-26.75	(-49.83824500720813, 1)	(25.430000000000003, 0)	(-1.0, 1)	23.408245007208127
83	GTAATACCGGATTCGCTTTCCGG	-24.099999999999994	(-42.2273503292565, 0)	(25.24000000000001, 0)	(0.0, 1)	16.987350329256497
84	ACCAAAATTGTTTGCACCATCGG	-23.0	(-42.827831622460586, 0)	(25.25, 0)	(0.0, 1)	17.57783162246059
85	AGAGATGTTAGCTAAAATGCTGG	-24.55	(-46.02974060992312, 0)	(23.46, 0)	(-0.3, 1)	22.26974060992313
86	TTAGCTAAAATGCTGGACGCTGG	-27.95	(-53.24051736700861, 1)	(26.250000000000007, 0)	(-4.0, 0)	22.9905173670086
87	ATGCGTCTGAACTTCTCTCATGG	-24.2	(-43.88565992883924, 0)	(26.140000000000004, 0)	(0.0, 1)	17.745659928839235
88	CATGGTGACTATGCAGAACACGG	-26.85	(-49.04322582318022, 1)	(25.6, 0)	(-1.3, 1)	22.143225823180224
89	CGCAACGTGATGAGCAAAACTGG	-28.4	(-51.46132706907395, 1)	(27.700000000000003, 0)	(0.0, 1)	23.76132706907395
90	GCTATCCTGCTTGATACCAAAGG	-25.250000000000004	(-44.67448482980426, 0)	(25.31, 0)	(-1.3, 1)	18.064484829804268
91	CCTGCTTGATACCAAAGGTCCGG	-27.2	(-50.56434920381297, 1)	(25.890000000000004, 0)	(-1.2, 1)	23.47434920381296
92	GGAAATCCGCACCATGAAACTGG	-29.000000000000004	(-51.45321302454101, 1)	(26.82, 0)	(-0.9, 1)	23.73321302454101
93	ATCCGCACCATGAAACTGGAAGG	-29.000000000000004	(-51.95840328761903, 1)	(27.55, 0)	(-1.4, 1)	23.00840328761903
94	CGCACCATGAAACTGGAAGGCGG	-30.700000000000003	(-57.11956117014424, 1)	(27.65, 0)	(-1.4, 1)	28.06956117014424
95	AACGACGTTTCTCTGAAAGCTGG	-25.35	(-47.22550076898164, 1)	(26.39, 0)	(0.0, 1)	20.83550076898164
96	CATGTACGTGTAAATTCTGCCGG	-23.099999999999994	(-41.71431443113228, 0)	(24.47, 0)	(0.0, 1)	17.24431443113228
97	ATGTACGTGTAAATTCTGCCGGG	-24.05	(-43.5820966849793, 0)	(24.860000000000003, 0)	(0.0, 1)	18.72209668497929
98	ATTCTGCCGGGTCCAGTCTTTGG	-28.0	(-48.54906375134652, 1)	(28.170000000000005, 0)	(0.0, 1)	20.37906375134651
99	TTTGGCTTCTACAGTAGCGACGG	-25.200000000000003	(-47.0317248952618, 0)	(26.15, 0)	(-2.5, 1)	18.3817248952618
100	TTGGCTTCTACAGTAGCGACGGG	-27.350000000000005	(-51.86059453519566, 1)	(26.590000000000003, 0)	(-2.5, 1)	22.770594535195656
101	TGGCTTCTACAGTAGCGACGGGG	-28.850000000000005	(-54.11742624814689, 1)	(27.760000000000005, 0)	(-2.5, 1)	23.857426248146886
102	CATCCGCCAACAGTGAAACCAGG	-28.800000000000008	(-51.93933723575589, 1)	(27.81, 0)	(-0.7, 1)	23.429337235755888
103	CAGTGAAACCAGGTGTTCGCCGG	-28.4	(-51.904275126165125, 1)	(27.81, 0)	(-2.2, 1)	21.89427512616512
104	TCGCCGGTCGCGCCACCCGCCGG	-37.45	(-69.21705769233272, 0)	(35.940000000000005, 0)	(-3.4, 0)	29.877057692332706
105	CGCCGGTCGCGCCACCCGCCGGG	-38.3	(-69.78457331860609, 0)	(36.48, 0)	(-4.2, 0)	29.10457331860609
106	ACCCGCCGGGAAGATCGCTGTGG	-34.75	(-61.54737880618544, 1)	(31.420000000000005, 0)	(-2.3, 1)	27.827378806185436
107	CTGTGGCACTGCCTCCAAGATGG	-30.35	(-54.256968058072864, 1)	(28.85, 0)	(-2.5, 1)	22.906968058072867
108	TGTGGCACTGCCTCCAAGATGGG	-30.1	(-54.34114543076933, 1)	(28.45, 0)	(-2.5, 1)	23.39114543076933
109	CTCCAAGATGGGCAATGGCGCGG	-32.2	(-59.59463065445591, 1)	(28.730000000000004, 0)	(-1.8, 1)	29.06463065445591
110	TCCAAGATGGGCAATGGCGCGGG	-33.74999999999999	(-62.531651134834576, 1)	(29.690000000000005, 0)	(-1.8, 1)	31.041651134834574
111	GACGTTGATGCCGCCGCCCCCGG	-33.800000000000004	(-63.65665931773214, 1)	(32.690000000000005, 0)	(0.0, 1)	30.966659317732137
112	ACGTTGATGCCGCCGCCCCCGGG	-34.35	(-63.242593655647205, 1)	(33.230000000000004, 0)	(0.0, 1)	30.0125936556472
113	CCGCCCCCGGGTTCGAACACCGG	-34.3	(-61.72512656989535, 1)	(32.00000000000001, 0)	(-2.1, 1)	27.625126569895343
114	GGTACAGCGCAGTTTTCCTTCGG	-25.35	(-43.42883532049839, 0)	(27.270000000000007, 0)	(0.0, 1)	16.158835320498387
115	GTACAGCGCAGTTTTCCTTCGGG	-24.2	(-42.00080354486327, 0)	(26.73, 0)	(0.0, 1)	15.270803544863266
116	TTTCCTTCGGGATAAATTTGCGG	-21.55	(-38.55921501264031, 0)	(23.66, 0)	(-2.3, 1)	12.599215012640316
117	TTCCTTCGGGATAAATTTGCGGG	-24.05	(-42.62875639243051, 0)	(24.9, 0)	(-2.3, 1)	15.428756392430516
118	TCCTTCGGGATAAATTTGCGGGG	-25.55	(-43.91458713923495, 0)	(26.07, 0)	(-2.1, 1)	15.744587139234952
119	AATTGTTGCGCTATCGAGAGAGG	-25.250000000000004	(-46.04353433432074, 0)	(26.24, 0)	(0.0, 1)	19.803534334320737
120	ATTGTTGCGCTATCGAGAGAGGG	-25.300000000000004	(-44.52046307921175, 0)	(26.540000000000003, 0)	(0.0, 1)	17.98046307921175
121	CCTATAGGCTGATTTCAGTCTGG	-24.4	(-42.37972937409204, 0)	(24.200000000000003, 0)	(-4.3, 0)	13.879729374092037
122	TCAGTCTGGCACCGAATCAGCGG	-28.85	(-51.10532610766671, 1)	(27.69, 0)	(0.0, 1)	23.415326107666715
123	CCAGACTGAAATCAGCCTATAGG	-26.05	(-46.73493683340399, 0)	(25.07, 0)	(-2.0, 1)	19.664936833403985
124	GACTGAAATCAGCCTATAGGAGG	-26.8	(-49.63103282179856, 1)	(24.2, 0)	(-1.2, 1)	24.23103282179856
125	CAGCCTATAGGAGGAAATGATGG	-28.05	(-52.579173955628576, 1)	(24.6, 0)	(-1.5, 1)	26.47917395562857
126	ACCCCGCAAATTTATCCCGAAGG	-26.700000000000003	(-49.00845199921661, 1)	(27.61, 0)	(0.0, 1)	21.398451999216608
127	AAAACTGCGCTGTACCGCACCGG	-30.250000000000004	(-54.38950033866715, 1)	(29.15000000000001, 0)	(-3.4, 0)	21.839500338667143
128	ACCGCACCGGTGTTCGAACCCGG	-31.750000000000007	(-57.194321217786175, 1)	(30.81000000000001, 0)	(-2.7, 1)	23.684321217786167
129	CCGCACCGGTGTTCGAACCCGGG	-32.00000000000001	(-57.58457231949571, 1)	(31.21, 0)	(-2.7, 1)	23.67457231949571
130	CGCACCGGTGTTCGAACCCGGGG	-31.600000000000005	(-56.62978126474213, 1)	(31.540000000000006, 0)	(-2.7, 1)	22.38978126474212
131	GCCCGCGCCATTGCCCATCTTGG	-32.25	(-56.777191785341294, 1)	(32.19, 0)	(-0.6, 1)	23.98719178534129
132	CGCGCCATTGCCCATCTTGGAGG	-30.3	(-56.70375196759951, 1)	(30.56, 0)	(-0.6, 1)	25.54375196759951
133	CAGTGCCACAGCGATCTTCCCGG	-28.7	(-51.63797781888825, 1)	(28.63, 0)	(-0.5, 1)	22.507977818888254
134	TGCCACAGCGATCTTCCCGGCGG	-31.35	(-56.72419989563696, 1)	(30.31, 0)	(-0.5, 1)	25.914199895636965
135	GCCACAGCGATCTTCCCGGCGGG	-32.7	(-59.60612737230629, 1)	(31.1, 0)	(-1.3, 1)	27.20612737230629
136	ACAGCGATCTTCCCGGCGGGTGG	-34.25	(-64.59673426089176, 0)	(31.42, 0)	(-1.3, 1)	31.87673426089177
137	TTCCCGGCGGGTGGCGCGACCGG	-38.25	(-68.80663637791929, 0)	(34.37, 0)	(-3.9, 0)	30.536636377919287
138	TGGCGCGACCGGCGAACACCTGG	-37.05	(-66.99313046120007, 0)	(33.580000000000005, 0)	(-3.8, 0)	29.613130461200065
139	CGAACACCTGGTTTCACTGTTGG	-25.95	(-46.58895131777951, 0)	(27.01, 0)	(-0.2, 1)	19.378951317779507
140	ACACCTGGTTTCACTGTTGGCGG	-26.65	(-48.31329238505644, 1)	(26.83, 0)	(0.0, 1)	21.48329238505644
141	CTACTGTAGAAGCCAAAGACTGG	-26.600000000000005	(-48.85433087238039, 1)	(24.460000000000004, 0)	(0.0, 1)	24.394330872380383
142	TAGAAGCCAAAGACTGGACCCGG	-30.050000000000004	(-54.41166058343513, 1)	(26.140000000000004, 0)	(-1.5, 1)	26.771660583435125
143	GCAGAATTTACACGTACATGTGG	-23.6	(-44.62899038692054, 0)	(24.469999999999995, 0)	(0.0, 1)	20.158990386920543
144	GGAATTTATCCCCAATATTGAGG	-21.9	(-40.72291817385219, 0)	(22.54, 0)	(-1.1, 1)	17.082918173852196
145	GAAAACTTTGCCTTCTTTAAAGG	-19.35	(-35.18778742945285, 0)	(22.99, 0)	(0.0, 1)	12.197787429452848
146	AACTTTGCCTTCTTTAAAGGTGG	-21.75	(-38.28780791145184, 0)	(23.81, 0)	(-1.0, 1)	13.477807911451835
147	CTTCTTTAAAGGTGGATACACGG	-22.35	(-42.08379429297784, 0)	(22.94, 0)	(-0.2, 1)	18.94379429297784
148	AAAGGTGGATACACGGATTTTGG	-26.899999999999995	(-47.83609128706447, 1)	(25.13, 0)	(-2.8, 1)	19.906091287064477
149	AAGGTGGATACACGGATTTTGGG	-26.099999999999994	(-46.32320944598332, 0)	(25.13, 0)	(-2.8, 1)	18.39320944598332
150	ATACACGGATTTTGGGCCCCTGG	-30.15	(-54.45561718335883, 1)	(27.87, 0)	(-0.2, 1)	26.38561718335883
151	CACGGATTTTGGGCCCCTGGAGG	-32.2	(-62.33194770651997, 1)	(29.540000000000003, 0)	(-0.6, 1)	32.19194770651997
152	CACATGACGCCCCAGTTTTGCGG	-26.500000000000004	(-46.14190797786636, 0)	(27.96, 0)	(-1.4, 1)	16.78190797786636
153	GCGCGCATTTTGTGATCTTCAGG	-24.5	(-45.01432839765168, 0)	(27.790000000000003, 0)	(-1.4, 1)	15.82432839765168
154	AAAGTTCATACGTACAACGTTGG	-22.9	(-42.82441568763474, 0)	(24.500000000000004, 0)	(-0.6, 1)	17.724415687634735
155	TTATTATCGCGATCTGTTGCTGG	-22.550000000000004	(-40.68182855676428, 0)	(25.14, 0)	(-0.9, 1)	14.64182855676428
156	TATTATCGCGATCTGTTGCTGGG	-23.0	(-40.34758739032345, 0)	(25.42, 0)	(-2.0, 1)	12.927587390323446
157	ATCTGTTGCTGGGCCTAACGTGG	-29.65	(-54.16434531955553, 1)	(28.0, 0)	(0.0, 1)	26.16434531955553
158	CTCCGTTGACTGAAACAACCAGG	-26.500000000000004	(-48.82483900291492, 1)	(26.42, 0)	(-1.4, 1)	21.004839002914924
159	CGAATGAAATAACGCCGCGATGG	-28.05	(-51.913653939091645, 1)	(28.13000000000001, 0)	(0.0, 1)	23.78365393909164
160	GGCGATAAATTAATCTCATTCGG	-21.349999999999994	(-38.78503070893456, 0)	(22.56, 0)	(-0.1, 1)	16.125030708934553
161	AGATTAATTTATCGCCATCGCGG	-21.35	(-40.28864406794754, 0)	(23.730000000000004, 0)	(-0.4, 1)	16.15864406794754
162	CATCGCGGCGTTATTTCATTCGG	-23.149999999999995	(-38.07542765552481, 0)	(26.99, 0)	(0.0, 1)	11.085427655524814
163	TTTCATGTTCAAGCAACACCTGG	-23.35	(-43.373366203418406, 0)	(25.41, 0)	(0.0, 1)	17.963366203418406
164	CACCTGGTTGTTTCAGTCAACGG	-23.35	(-42.19408995086506, 0)	(25.85, 0)	(-2.0, 1)	14.344089950865062
165	CGGAGTATTACATGTCCAGAAGG	-25.05	(-47.457919433814304, 1)	(24.9, 0)	(-1.8, 1)	20.757919433814305
166	ACAAAAATCGTTACCACGTTAGG	-22.7	(-41.14500156127296, 0)	(25.040000000000003, 0)	(0.0, 1)	16.105001561272953
167	TAATCTTGAAAAAGTTATCGCGG	-19.55	(-35.69138900413742, 0)	(21.44, 0)	(0.0, 1)	14.251389004137422
168	TCTTGAAAAAGTTATCGCGGCGG	-24.35	(-46.098684135138605, 0)	(25.23, 0)	(0.0, 1)	20.868684135138604
169	CTTGAAAAAGTTATCGCGGCGGG	-25.8	(-48.514938686631936, 1)	(26.17, 0)	(0.0, 1)	22.34493868663193
170	GTACGTATGAACTTTTCTCACGG	-20.149999999999995	(-36.31702517635091, 0)	(23.33, 0)	(0.0, 1)	12.987025176350908
171	TGAAGATCACAAAATGCGCGCGG	-27.35	(-50.4592252615185, 1)	(27.0, 0)	(0.0, 1)	23.459225261518498
172	TCGTGAGATTGCCGCAAAACTGG	-27.95	(-51.59006926477527, 1)	(27.950000000000003, 0)	(-0.9, 1)	22.740069264775272
173	CGTGAGATTGCCGCAAAACTGGG	-27.35	(-50.354918090320496, 1)	(27.930000000000007, 0)	(-0.9, 1)	21.52491809032049
174	GTGAGATTGCCGCAAAACTGGGG	-27.5	(-50.75907281838653, 1)	(27.21, 0)	(-1.1, 1)	22.44907281838653
175	CGCAAAACTGGGGCGTCATGTGG	-32.0	(-58.301178389392106, 1)	(29.48, 0)	(-1.4, 1)	27.421178389392107
176	GGGGCGTCATGTGGCTATTCTGG	-31.5	(-58.04956238576926, 1)	(28.46, 0)	(-3.0, 1)	26.589562385769263
177	GGGCGTCATGTGGCTATTCTGGG	-29.25	(-53.273544844871736, 1)	(27.9, 0)	(-3.0, 1)	22.373544844871734
178	GGCTATTCTGGGTGACCTCCAGG	-30.700000000000006	(-57.20252667160237, 1)	(27.42, 0)	(-1.4, 1)	28.382526671602363
179	GCTATTCTGGGTGACCTCCAGGG	-28.450000000000006	(-51.99719421299811, 1)	(27.03, 0)	(-1.4, 1)	23.56719421299811
180	CTATTCTGGGTGACCTCCAGGGG	-27.8	(-49.23445685843876, 1)	(26.070000000000004, 0)	(-3.7, 0)	19.464456858438755
181	CGTGTATCCACCTTTAAAGAAGG	-22.45	(-40.34857896918536, 0)	(24.27, 0)	(-0.8, 1)	15.278578969185356
182	GGCAAAGTTTTCCTCAATATTGG	-22.049999999999997	(-40.0229161542818, 0)	(23.76, 0)	(0.0, 1)	16.262916154281797
183	GCAAAGTTTTCCTCAATATTGGG	-19.35	(-35.610138393123364, 0)	(22.919999999999995, 0)	(0.0, 1)	12.69013839312337
184	CAAAGTTTTCCTCAATATTGGGG	-18.500000000000004	(-35.03300650691012, 0)	(22.129999999999995, 0)	(0.0, 1)	12.903006506910124
185	TTTCAACGTCCAGACGAGTCAGG	-25.550000000000004	(-46.20082160033158, 0)	(26.9, 0)	(-0.3, 1)	19.00082160033158
186	TCAGGTCCTGATACACGATGCGG	-27.450000000000003	(-50.28492926393424, 1)	(26.070000000000004, 0)	(-1.3, 1)	22.91492926393424
187	GTCCTGATACACGATGCGGCCGG	-30.6	(-57.09866299715998, 1)	(28.69, 0)	(0.0, 1)	28.40866299715998
188	ACACGATGCGGCCGGCACCCAGG	-36.95	(-68.09014989660848, 0)	(33.279999999999994, 0)	(-2.3, 1)	32.51014989660849
189	GGCCGGCACCCAGGTTAACGTGG	-34.50000000000001	(-61.84820044827874, 1)	(30.94, 0)	(-3.3, 1)	27.608200448278744
190	CAGGTTAACGTGGCCTACTTCGG	-27.15	(-49.60890411314868, 1)	(26.590000000000003, 0)	(-3.8, 0)	19.21890411314868
191	CTTCGGAGTTACCCATCTGACGG	-25.35	(-45.10484576299053, 0)	(25.97, 0)	(-3.7, 0)	15.434845762990529
192	GAGTTACCCATCTGACGGTCAGG	-27.700000000000003	(-50.07270922787004, 1)	(26.570000000000004, 0)	(-1.1, 1)	22.40270922787004
193	AGGCAGACCGACTTCCAGACCGG	-31.250000000000004	(-56.22403442095366, 1)	(28.47000000000001, 0)	(-1.1, 1)	26.65403442095365
194	CCAGACCGGAAGCGTCGATTAGG	-29.85	(-51.91548480999778, 1)	(29.24000000000001, 0)	(-2.2, 1)	20.475484809997766
195	CAGACCGGAAGCGTCGATTAGGG	-28.35	(-49.56880367249387, 1)	(27.980000000000004, 0)	(-2.2, 1)	19.388803672493864
196	GAAGCGTCGATTAGGGTATGCGG	-27.6	(-50.57631830535881, 1)	(25.97, 0)	(0.0, 1)	24.60631830535881
197	GATTAGGGTATGCGGACGATTGG	-29.15	(-50.84345580728974, 1)	(26.410000000000004, 0)	(0.0, 1)	24.43345580728974
198	GCCCACAGTGCATCCATTACCGG	-28.1	(-50.519337821023285, 1)	(27.489999999999995, 0)	(0.0, 1)	23.02933782102329
199	CCCACAGTGCATCCATTACCGGG	-27.5	(-49.96296721542469, 1)	(27.09, 0)	(0.0, 1)	22.87296721542469
200	CCACAGTGCATCCATTACCGGGG	-27.1	(-48.234630515038965, 1)	(27.419999999999995, 0)	(0.0, 1)	20.81463051503897
201	CGGGGTTTTAGCACTAAAAATGG	-25.45	(-48.87138208923649, 1)	(24.98, 0)	(0.0, 1)	23.89138208923649
202	TCCAGAATCACCAGTACCATAGG	-26.000000000000004	(-48.06321470576464, 1)	(25.44, 0)	(0.0, 1)	22.62321470576464
203	TCAAAATATACGACCGCTCGCGG	-25.95	(-48.993710596416655, 1)	(26.020000000000003, 0)	(0.0, 1)	22.97371059641665
204	TCGTATATTTTGATCTTCAGAGG	-18.250000000000004	(-34.26921982332769, 0)	(22.070000000000004, 0)	(0.0, 1)	12.199219823327685
205	AATTTTGACTCTTGAGTATGAGG	-19.65	(-35.469357547364474, 0)	(22.31, 0)	(0.0, 1)	13.159357547364475
206	GTATGAGGTTGTCGCAATGTTGG	-25.35	(-44.82348284452817, 0)	(26.03, 0)	(0.0, 1)	18.79348284452817
207	GTTGGTTTCTAAAAAACCTATGG	-20.750000000000004	(-39.085811065837255, 0)	(22.47, 0)	(-3.0, 1)	13.615811065837256
208	ACCTATGGTACTGGTGATTCTGG	-26.65	(-47.51191699509818, 1)	(24.71, 0)	(-1.4, 1)	21.401916995098183
209	ATGGTACTGGTGATTCTGGATGG	-27.4	(-49.800670620670566, 1)	(25.44, 0)	(-0.9, 1)	23.46067062067057
210	CTGGTGATTCTGGATGGCTATGG	-28.05	(-51.71120973066261, 1)	(26.08, 0)	(-2.4, 1)	23.231209730662613
211	TGGCTATCGCGAAGAACAGCAGG	-30.85	(-56.77965163730094, 1)	(28.440000000000005, 0)	(-0.9, 1)	27.439651637300933
212	CATTTTTAGTGCTAAAACCCCGG	-21.200000000000006	(-39.996964328762125, 0)	(23.3, 0)	(0.0, 1)	16.696964328762125
213	TAGTGCTAAAACCCCGGTAATGG	-27.500000000000004	(-50.4845447180823, 1)	(25.84, 0)	(-0.7, 1)	23.944544718082295
214	CCCCGGTAATGGATGCACTGTGG	-31.0	(-57.542023451419695, 1)	(28.210000000000004, 0)	(-1.6, 1)	27.73202345141969
215	CCCGGTAATGGATGCACTGTGGG	-29.75	(-55.61599435891893, 1)	(27.81, 0)	(-1.6, 1)	26.20599435891893
216	CATACCCTAATCGACGCTTCCGG	-25.7	(-46.921539698492936, 0)	(25.97, 0)	(0.0, 1)	20.951539698492933
217	CCTAATCGACGCTTCCGGTCTGG	-28.4	(-51.74001959503736, 1)	(28.370000000000008, 0)	(-1.3, 1)	22.070019595037355
218	CAGATGGGTAACTCCGAAGTAGG	-28.250000000000004	(-49.68013593348018, 1)	(26.11, 0)	(-1.0, 1)	22.57013593348018
219	CGAAGTAGGCCACGTTAACCTGG	-28.800000000000008	(-51.41663595483967, 1)	(27.33, 0)	(0.0, 1)	24.086635954839668
220	GAAGTAGGCCACGTTAACCTGGG	-27.750000000000004	(-48.0751580192365, 1)	(26.44, 0)	(0.0, 1)	21.635158019236496
221	GGCCACGTTAACCTGGGTGCCGG	-33.2	(-61.91467508446261, 1)	(29.82, 0)	(-1.9, 1)	30.19467508446261
222	TGCCGGCCGCATCGTGTATCAGG	-31.75	(-55.41632571619925, 1)	(30.92, 0)	(-1.4, 1)	23.096325716199257
223	GTATCAGGACCTGACTCGTCTGG	-27.8	(-49.16399208912768, 1)	(26.31000000000001, 0)	(-2.0, 1)	20.853992089127672
224	TCGCGCTTTCTTTGCTAATCCGG	-23.35	(-43.4684923849882, 0)	(26.71, 0)	(-0.9, 1)	15.858492384988203
225	CGTCGATACCACGTTTTTTCAGG	-21.3	(-37.77855602869653, 0)	(25.92, 0)	(0.0, 1)	11.858556028696526
226	TTTCAGGTTTTCGATAGCCACGG	-22.2	(-40.2845204923094, 0)	(25.35, 0)	(-3.4, 0)	11.534520492309396
227	GGTTTTCGATAGCCACGGCGCGG	-29.2	(-53.95825181544064, 1)	(29.18, 0)	(-3.6, 0)	21.17825181544064
228	ATGTTCTCGTCGCGGAATTCCGG	-25.649999999999995	(-45.93651668848115, 0)	(27.46, 0)	(-1.5, 1)	16.976516688481148
229	TGTTCTCGTCGCGGAATTCCGGG	-26.85	(-48.88052493242728, 1)	(28.42, 0)	(-1.5, 1)	18.96052493242728
230	CCGGGAAACGCGCAGAACCGAGG	-34.7	(-64.30279285189035, 1)	(31.730000000000004, 0)	(-1.7, 1)	30.87279285189034
231	AACCGAGGAACGTACCGCCACGG	-31.800000000000004	(-57.455216505031245, 1)	(29.78, 0)	(-0.4, 1)	27.27521650503125
232	TCATGTCAGACACGCTGTAACGG	-25.700000000000003	(-46.57810373930297, 0)	(26.340000000000003, 0)	(-0.5, 1)	19.738103739302964
233	AACGGTCTAGCTGTACCATACGG	-26.600000000000005	(-49.23191011335291, 1)	(25.509999999999994, 0)	(-2.8, 1)	20.92191011335292
234	ACGAACAACCCCGCGAATTGCGG	-29.35	(-52.9270701644979, 1)	(28.97, 0)	(0.0, 1)	23.957070164497896
235	CGAATTGCGGCGTTCATGCCTGG	-29.4	(-52.52089868248236, 1)	(30.06, 0)	(-3.1, 1)	19.36089868248236
236	TCATGACTACCTCTGAACTTTGG	-23.9	(-43.13244170067797, 0)	(24.290000000000003, 0)	(0.0, 1)	18.84244170067797
237	TGCAAAATGAAATCTGTTGCCGG	-24.250000000000004	(-44.90546037689428, 0)	(24.81, 0)	(-0.1, 1)	19.99546037689428
238	TATACTATTTGCACATTCGTTGG	-20.1	(-38.24602205948384, 0)	(23.04, 0)	(0.0, 1)	15.20602205948384
239	TCGATGTGCAAGAAGACTTCCGG	-25.95	(-46.09079099737921, 0)	(25.860000000000003, 0)	(-0.1, 1)	20.130790997379204
240	TTTTGCATTCCAAAGTTCAGAGG	-20.450000000000003	(-37.42578200634, 0)	(24.360000000000003, 0)	(0.0, 1)	13.065782006339996
241	GTAGTCATGATTAAGAAAATCGG	-20.25	(-36.38257536942223, 0)	(21.04, 0)	(0.0, 1)	15.342575369422228
242	AAAATCGGTGTGTTGACAAGCGG	-25.15	(-43.9140061847972, 0)	(25.33, 0)	(-0.5, 1)	18.084006184797204
243	ATCGGTGTGTTGACAAGCGGCGG	-29.45	(-55.358727421309815, 1)	(28.58, 0)	(-2.2, 1)	24.57872742130981
244	GGCATGAACGCCGCAATTCGCGG	-30.5	(-55.2974068158922, 1)	(30.059999999999995, 0)	(-4.5, 0)	20.7374068158922
245	GCATGAACGCCGCAATTCGCGGG	-30.299999999999997	(-54.32467257270925, 1)	(30.46, 0)	(-0.3, 1)	23.564672572709256
246	CATGAACGCCGCAATTCGCGGGG	-29.299999999999997	(-52.34547444261303, 1)	(30.39, 0)	(-1.9, 1)	20.055474442613026
247	GTTCGTTCTGCGCTGACAGAAGG	-26.55	(-48.68534213702575, 1)	(28.530000000000005, 0)	(-2.0, 1)	18.155342137025745
248	TTCTGCGCTGACAGAAGGTCTGG	-29.250000000000004	(-52.19111199707808, 1)	(28.040000000000006, 0)	(-3.5, 0)	20.651111997078075
249	GACAGAAGGTCTGGAAGTAATGG	-27.65000000000001	(-49.38538365769909, 1)	(24.8, 0)	(-2.3, 1)	22.28538365769909
250	ACAGAAGGTCTGGAAGTAATGGG	-27.000000000000004	(-47.0182865972166, 0)	(24.38, 0)	(-2.3, 1)	20.338286597216605
251	GAAGTAATGGGTATTTATGACGG	-22.25	(-40.06520677482534, 0)	(21.719999999999995, 0)	(0.0, 1)	18.345206774825343
252	GGGTATTTATGACGGCTATCTGG	-26.5	(-50.32014879544154, 1)	(24.52, 0)	(0.0, 1)	25.800148795441544
253	GGTATTTATGACGGCTATCTGGG	-24.25	(-45.28700493170109, 0)	(23.96, 0)	(0.0, 1)	21.32700493170109
254	GTGTCTGACATGATCAACCGTGG	-26.1	(-47.73704200893862, 1)	(26.26, 0)	(-0.5, 1)	20.977042008938625
255	TCTGACATGATCAACCGTGGCGG	-27.65000000000001	(-51.17643634399912, 1)	(26.66, 0)	(-2.6, 1)	21.91643634399912
256	AACCGTGGCGGTACGTTCCTCGG	-30.6	(-54.17452243680958, 1)	(29.920000000000005, 0)	(-3.0, 1)	21.254522436809577
257	CCTCGGTTCTGCGCGTTTCCCGG	-28.3	(-52.07445911270998, 1)	(30.300000000000008, 0)	(-0.2, 1)	21.57445911270997
258	CGACGAGAACATCCGCGCCGTGG	-32.300000000000004	(-59.93093667740093, 1)	(31.700000000000003, 0)	(-0.8, 1)	27.43093667740093
259	ATCGAAAACCTGAAAAAACGTGG	-24.95	(-45.3105917777888, 0)	(24.57, 0)	(0.0, 1)	20.740591777788797
260	AAAACGTGGTATCGACGCGCTGG	-30.15	(-55.34809193930809, 1)	(29.27000000000001, 0)	(-3.9, 0)	22.17809193930808
261	ACGTGGTATCGACGCGCTGGTGG	-32.55	(-60.46722705477274, 1)	(30.84000000000001, 0)	(-3.9, 0)	25.727227054772733
262	CAGCGAAAACCCGATTGATCTGG	-27.1	(-49.65669480596939, 1)	(26.840000000000003, 0)	(-1.0, 1)	21.816694805969384
263	TCAGTTAGCTAACTGCTATATGG	-22.9	(-40.71456936142789, 0)	(23.159999999999997, 0)	(-3.5, 0)	14.054569361427898
264	CAGTTAGCTAACTGCTATATGGG	-22.55	(-39.55769038772375, 0)	(22.739999999999995, 0)	(-3.5, 0)	13.317690387723758
265	TAGCTAACTGCTATATGGGTCGG	-26.8	(-49.36538544059666, 1)	(24.14, 0)	(-3.3, 1)	21.925385440596667
266	AGCTAACTGCTATATGGGTCGGG	-27.95	(-50.94739128138749, 1)	(24.86, 0)	(-2.1, 1)	23.987391281387488
267	ACTGCTATATGGGTCGGGCTGGG	-31.8	(-60.21123626569396, 1)	(27.85, 0)	(-1.7, 1)	30.66123626569396
268	CGGGCTGGGTTGATAAACTCCGG	-30.700000000000003	(-54.54500921899351, 1)	(27.17, 0)	(-2.6, 1)	24.775009218993507
269	GATAAACTCCGGCGGTGCTGCGG	-31.2	(-57.112969025898096, 1)	(28.74, 0)	(-1.8, 1)	26.5729690258981
270	ATAAACTCCGGCGGTGCTGCGGG	-32.35	(-59.16179446398391, 1)	(29.68, 0)	(-2.2, 1)	27.281794463983907
271	CAGCGATGCAGTGCGTACTGCGG	-29.700000000000006	(-54.24727313154209, 1)	(29.23, 0)	(-3.1, 1)	21.917273131542085
272	GCGGTTATCAACAAACGCGCAGG	-29.4	(-55.99301299620306, 1)	(29.050000000000004, 0)	(-3.3, 1)	23.643012996203066
273	GTTATCAACAAACGCGCAGGCGG	-27.7	(-51.12974390232445, 1)	(27.370000000000005, 0)	(0.0, 1)	23.759743902324445
274	CAACAAACGCGCAGGCGGAATGG	-32.74999999999999	(-59.59107205497018, 1)	(30.72000000000001, 0)	(-4.2, 0)	24.671072054970168
275	AACAAACGCGCAGGCGGAATGGG	-32.49999999999999	(-58.454980012294136, 1)	(30.15, 0)	(-4.2, 0)	24.10498001229413
276	ACAAACGCGCAGGCGGAATGGGG	-33.349999999999994	(-58.69835931568826, 1)	(30.6, 0)	(-4.2, 0)	23.898359315688253
277	GGCGGAATGGGGCTGATTCTTGG	-33.45	(-60.84556351528895, 1)	(28.97000000000001, 0)	(-2.6, 1)	29.275563515288944
278	TAAAGCGTTCAAGAAATCGATGG	-23.5	(-42.38795174805327, 0)	(24.69, 0)	(0.0, 1)	17.697951748053267
279	TTCAAGAAATCGATGGCTGACGG	-25.5	(-46.978269476348245, 0)	(25.42, 0)	(0.0, 1)	21.558269476348244
280	GAAACTGATTAACGCCGTGCAGG	-27.6	(-51.812965900079725, 1)	(27.22000000000001, 0)	(0.0, 1)	24.59296590007972
281	TACGAACAACACCACCCCGTAGG	-29.500000000000007	(-54.22340491108399, 1)	(28.57, 0)	(0.0, 1)	25.653404911083992
282	AACAACACCACCCCGTAGGACGG	-30.40000000000001	(-54.74108156860082, 1)	(28.08, 0)	(-0.4, 1)	26.26108156860082
283	GGGGTGGTGTTGTTCGTATAAGG	-27.350000000000005	(-48.38303850776551, 1)	(26.419999999999995, 0)	(0.0, 1)	21.96303850776551
284	TTGTTCGTATAAGGCGTATCAGG	-23.450000000000003	(-42.825200639721565, 0)	(24.57, 0)	(-0.5, 1)	17.75520063972157
285	ATCGAGATAAACGTCCTGCACGG	-26.1	(-48.244202089767874, 1)	(26.3, 0)	(0.0, 1)	21.944202089767877
286	CAGTACGCACTGCATCGCTGAGG	-29.299999999999997	(-51.67940809358629, 1)	(29.23, 0)	(-1.5, 1)	20.94940809358629
287	TTCACCGCCCGCAGCACCGCCGG	-34.45	(-62.052188008601874, 1)	(33.64, 0)	(-0.2, 1)	28.21218800860187
288	TGATAACGCACCAGATCAATCGG	-25.7	(-45.25588978053721, 0)	(25.33, 0)	(0.0, 1)	19.92588978053721
289	GATAACGCACCAGATCAATCGGG	-26.1	(-45.43046138978199, 0)	(25.18, 0)	(0.0, 1)	20.250461389781997
290	CAGATCAATCGGGTTTTCGCTGG	-25.8	(-47.43179562008135, 1)	(26.840000000000003, 0)	(-0.6, 1)	19.99179562008134
291	TTTGCTGTAAACACGATCGTCGG	-23.7	(-44.18899134485128, 0)	(26.03, 0)	(0.0, 1)	18.15899134485128
