Guide,CrisprScan_score,Chari_score,Housden_score,normalized_CrisprScan_score,normalized_Chari_score,normalized_Housden_score
GTGACGTTCGTTCAGTTTCC,0.329268489,-0.94372788,4.7,0.355292564,0.374860185,0.279411765
CAGTTTCCAGGATTTCTCAA,0.480142346,-0.21432606,5.3,0.545401359,0.521473074,0.367647059
AGTTTCCAGGATTTCTCAAC,0.535333778,-1.0714966,8.9,0.614945393,0.349178126,0.897058824
GTTCGTCCAGCACATTCCAC,0.427869817,0.39596571,4,0.479535293,0.644144333,0.176470588
TTCGTCCAGCACATTCCACA,0.394397315,0.30023237,9.4,0.437358224,0.624901522,0.970588235
CCAGCACATTCCACAGGGTA,0.563870587,-0.45224415,3.9,0.650903235,0.47365052,0.161764706
CAGATCCACGTCGTACCAAC,0.545384833,-0.17985457,7.2,0.627610237,0.528401991,0.647058824
CGTCGTACCAACCGGTGAAA,0.438346917,-0.65859338,5.4,0.492736976,0.432173441,0.382352941
GCATTGCTGTTGCTTCGTCG,0.525569681,0.21450462,6.4,0.60264213,0.607669877,0.529411765
TATCATTAAAAGATGATTTG,0.278163015,0.58272336,6.4,0.290897047,0.681683421,0.529411765
TGATTTGAGGAGTAAGTATA,0.543771916,-0.84647283,5.3,0.625577879,0.394408867,0.367647059
GTATATGGCTGTAACTAAGC,0.225904117,-0.43021812,4.4,0.225048156,0.478077846,0.235294118
GGCTGTAACTAAGCTGGTTC,0.270980861,-1.3328142,5.5,0.281847165,0.296652169,0.397058824
AAGCTGGTTCTGGTTCGTCA,0.401157916,-1.2146758,8.1,0.445876928,0.320398493,0.779411765
TTCGTCATGGCGAAAGTCAG,0.673202289,0.11384666,5.3,0.788666785,0.587437196,0.367647059
AACAAAGAAAACCGTTTCAC,0.504451448,-0.48729187,4.3,0.576032074,0.466605778,0.220588235
AAGAAAACCGTTTCACCGGT,0.375533323,-1.3431605,3.7,0.413588627,0.294572519,0.132352941
TTTCACCGGTTGGTACGACG,0.410909113,0.51249683,7.7,0.458163936,0.667567587,0.720588235
GACGTGGATCTGTCTGAGAA,0.510271319,-0.57658127,5.1,0.58336541,0.448658226,0.338235294
GTAAGCGAAGCAAAAGCAGC,0.301806735,1.09619,4.4,0.320689346,0.784892414,0.235294118
AGCAGGTAAGCTGCTGAAAG,0.530027632,0.25148764,4.6,0.608259377,0.615103623,0.264705882
GGTAAGCTGCTGAAAGAGGA,0.400238715,0.58570653,6.4,0.444718687,0.68228305,0.529411765
AACGCGCTATCCATACCCTG,0.530518719,1.3980968,5.9,0.608878172,0.845576973,0.455882353
CCATACCCTGTGGAATGTGC,0.31043306,-1.784454,4.3,0.331558958,0.205870636,0.220588235
GTGGAATGTGCTGGACGAAC,0.60399072,-1.2033873,4.4,0.701456659,0.32266753,0.235294118
TGTGCTGGACGAACTGGATC,0.349574324,-0.21878533,6.9,0.380878957,0.520576742,0.602941176
TGGACGAACTGGATCAGGCA,0.546581354,0.018764271,6.2,0.629117915,0.568325229,0.5
GGCTGCCCGTTGAGAAATCC,0.296944739,-1.4941226,5,0.314562982,0.26422849,0.323529412
AAACTGAACGAACGTCACTA,0.349716397,0.97249067,3.4,0.381057977,0.760028319,0.088235294
ACGTCACTACGGTGCGTTGC,0.403642172,-0.98235969,6.8,0.449007218,0.367095026,0.588235294
CGTCACTACGGTGCGTTGCA,0.448603675,-0.34468764,5.6,0.505661017,0.495269839,0.411764706
TTCGTATTCCACGGTGGTTC,,-2.5230248,7.3,,0.057414742,0.661764706
TGGTTCCGGTTCTACTGCTC,0.626112352,-1.3689775,5.7,0.72933105,0.289383191,0.426470588
ATCAAAGACTCCGTAAGCTA,0.428597259,-0.29734137,6,0.480451907,0.504786642,0.470588235
ACATCGATACCGATACCCAA,0.391323329,0.82494314,7.2,0.433484844,0.730370633,0.647058824
CATCGATACCGATACCCAAT,0.563049475,-0.20012538,6.6,0.649868592,0.524327472,0.558823529
CCGATACCCAATGGGCAACC,0.346889377,-0.89397224,5.8,0.377495787,0.384861282,0.441176471
CGATACCCAATGGGCAACCT,0.497847051,-0.69246525,4.8,0.567710195,0.42536505,0.294117647
ACCCAATGGGCAACCTGGGA,0.424599985,0.016117443,3.8,0.475415137,0.567793205,0.147058824
AGCGAACGAAGCTTATCTGC,0.233025494,-0.68665283,5.7,0.234021457,0.426533371,0.426470588
GCGAACGAAGCTTATCTGCA,0.25607531,0.47450613,3.8,0.263065406,0.659931294,0.147058824
AGCTTATCTGCAGGGTCAGC,0.171603559,-1.0467596,4.5,0.15662667,0.354150369,0.25
GCTTATCTGCAGGGTCAGCT,0.432355337,0.013071315,7.7,0.485187278,0.56718092,0.720588235
GGTCAGCTGGGTAACCCGAA,0.655970183,0.95841184,5.9,0.766953448,0.757198414,0.455882353
AATACTACGATCCGCGCGTA,0.597559413,0.028362477,5.6,0.693352883,0.570254509,0.411764706
CCGCGCGTATGGCTGCGTGC,0.58834859,-0.75742029,6.9,0.681746774,0.412308809,0.602941176
GACTTCGATGATCGCTCGTC,0.441786733,-0.91727616,5.5,0.49707132,0.380177094,0.397058824
TCGTCTGGAGAAAGCATTCC,0.382336092,0.079911424,5.5,0.422160465,0.580616068,0.397058824
ATTCCTTTCTGCTTATCTCA,0.087563625,-0.77366574,5.7,0.050732044,0.409043404,0.426470588
TTATCTCAAGGCCCGCTCTG,0.434197255,1.9267221,4.6,0.487508189,0.951832922,0.264705882
TATCTCAAGGCCCGCTCTGC,0.339350601,-0.24990372,5.7,0.367996542,0.514321812,0.426470588
CCTGATGCGCTACGCTTATC,0.431358426,-0.80646391,7.8,0.483931119,0.402450831,0.735294118
CCTGATAAGCGTAGCGCATC,0.486322433,-0.53951431,8.4,0.553188585,0.456108844,0.823529412
GCATCAGGCAATTTTGCTTT,0.275048056,-1.4078739,6.8,0.286972039,0.281564848,0.588235294
CGAAAAAAAGACCCGCAGAG,0.32266763,1.5979809,4.5,0.346975144,0.885754533,0.25
GAAAAAAAGACCCGCAGAGC,0.329822937,0.42191785,4.6,0.355991197,0.649360824,0.264705882
GGGCCTTGAGATAAGCAGAA,0.485267305,0.85633847,4.3,0.55185907,0.736681229,0.220588235
CGTCGATCGCGTTCAGTTCC,0.184892498,-2.8086642,7.5,0.173371414,0,0.691176471
AGCGATCATCGAAGTCTGAC,0.317139014,-0.028661647,6.2,0.340008804,0.558792416,0.5
CCGGCACGCAGCCATACGCG,0.640330576,1.3704992,4.8,0.747246741,0.840029737,0.294117647
GGATCGTAGTATTTCTTGTT,0.483937327,-1.4263432,7.5,0.55018323,0.27785244,0.691176471
TTCGGCTGATCTTCGCCTTT,0.331736031,-1.6010868,4.8,0.358401794,0.242728228,0.294117647
TCGGCTGATCTTCGCCTTTC,0.716689901,-1.0073913,7.3,0.843463405,0.362063565,0.661764706
GTAGTTCAGAACGCCTTCCC,0.586575023,0.098314161,6.5,0.679511988,0.584315097,0.544117647
CGCCTTCCCAGGTTGCCCAT,0.508533323,-0.95001075,6.1,0.581175445,0.373597302,0.485294118
GCCTTCCCAGGTTGCCCATT,0.484242411,-0.80329751,4.7,0.550567651,0.403087291,0.279411765
CCAGGTTGCCCATTGGGTAT,0.629802606,-1.3141393,8.1,0.733980959,0.300405904,0.779411765
TTTTACTACGCCGTAGCTTA,0.433177732,-0.65686125,6.6,0.486223538,0.432521606,0.558823529
GATTTCCTGAGCAGTAGAAC,0.401065179,-0.53952875,5.8,0.445760074,0.456105941,0.441176471
CAGTAGAACCGGAACCACCG,0.538330711,1.2173688,5.9,0.618721682,0.809249871,0.455882353
TTTATCAGTGGTGAAAGTAA,0.498020566,-0.52766272,5.5,0.567928833,0.458491064,0.397058824
GTTACCGCCTTCCAGTTTCA,0.221136266,-0.1780947,5.3,0.21904042,0.528755733,0.367647059
CGCCTTCCAGTTTCATGGTG,0.534591052,-1.4223509,3.7,0.61400952,0.278654909,0.132352941
AGTTTCATGGTGCGGATTTC,0.390789546,-1.1920735,6.6,0.43281225,0.324941652,0.558823529
GGTGCGGATTTCCGGACCTT,0.645118792,0.29868227,5.5,0.753280139,0.624589945,0.397058824
CCGGACCTTTGGTATCAAGC,0.384658165,-0.65910683,3.8,0.425086396,0.432070235,0.147058824
TTTGGTATCAAGCAGGATAG,0.5601525,0.29763042,5.7,0.646218255,0.624378519,0.426470588
GGTATCAAGCAGGATAGCGG,0.508014307,1.1778357,8.4,0.580521459,0.801303549,0.823529412
AGCTAACATCTCTTCAGATT,0.409953609,-1.7168674,8.1,0.456959952,0.219455832,0.779411765
ATCTCTTCAGATTCGGTTTT,0.252226687,-2.4954838,5,0.258215944,0.062950601,0.323529412
AGATTCGGTTTTCGGTCCGA,0.64049744,-0.19486105,5.1,0.747456998,0.525385625,0.338235294
TCCGATGGTGCAAACAATTT,0.364051988,-0.60405159,3.9,0.399121556,0.443136574,0.161764706
TCTTAGTCTTTAAGTTGAGA,0.192430503,-0.87401224,3,0.182869687,0.388873328,0.029411765
AGTCTTTAAGTTGAGAAGGA,0.444401695,0.080685319,4.7,0.500366306,0.580771625,0.279411765
GTCTTTAAGTTGAGAAGGAT,0.484769027,-1.1318351,4.7,0.551231214,0.337049829,0.279411765
GATGGGAGAAACTTGCTTTC,0.180275087,-0.019790145,7.3,0.167553239,0.560575626,0.661764706
ATGGGAGAAACTTGCTTTCT,0.428103548,-1.8331689,5.3,0.479829806,0.196078732,0.367647059
TTGCTTTCTGGGCGCACTGC,0.577581024,-1.5884308,4,0.668179089,0.245272138,0.176470588
GCACTGCCGGAAAGCGAATC,0.523144436,-0.1885868,5.3,0.599586197,0.526646776,0.367647059
CGAATCCGGTATTACGAAAG,0.416456531,-0.039653132,6.6,0.465153967,0.556583081,0.558823529
ATCCGGTATTACGAAAGTGG,0.568150931,-0.1560932,5,0.656296688,0.533178129,0.323529412
CACCACCACTTTCGTAATAC,0.242770923,-1.5337734,4.2,0.246301197,0.25625851,0.205882353
GTAATACCGGATTCGCTTTC,0.44131661,-1.3552372,6,0.496478941,0.29214505,0.470588235
ACCAAAATTGTTTGCACCAT,0.588880436,-1.3668459,4.4,0.682416927,0.289811652,0.235294118
AGAGATGTTAGCTAAAATGC,0.154153178,-0.93597844,3.8,0.134638295,0.376417856,0.147058824
TTAGCTAAAATGCTGGACGC,0.275338612,0.19413638,5.6,0.287338154,0.603575774,0.411764706
ATGCGTCTGAACTTCTCTCA,0.59441595,-1.0057973,7.8,0.689391958,0.362383966,0.735294118
CATGGTGACTATGCAGAACA,0.660270321,-0.6138128,5.9,0.772371842,0.441174529,0.455882353
CGCAACGTGATGAGCAAAAC,0.359056553,-1.1174998,5.6,0.392827052,0.339931285,0.411764706
GCTATCCTGCTTGATACCAA,0.562500409,0.43945259,8.4,0.649176741,0.652885382,0.823529412
CCTGCTTGATACCAAAGGTC,0.593597993,-0.52695207,4.7,0.688361291,0.458633908,0.279411765
GGAAATCCGCACCATGAAAC,0.275499584,-0.46392382,7,0.287540987,0.471302856,0.617647059
ATCCGCACCATGAAACTGGA,0.38045531,-0.047610534,3.9,0.419790583,0.554983609,0.161764706
CGCACCATGAAACTGGAAGG,0.543641589,1.2723685,7.7,0.62541366,0.820305047,0.720588235
AACGACGTTTCTCTGAAAGC,0.172062289,-0.7496058,6.4,0.157204693,0.413879555,0.529411765
CATGTACGTGTAAATTCTGC,0.152842639,-0.73012945,4.4,0.132986949,0.417794384,0.235294118
ATGTACGTGTAAATTCTGCC,0.278054266,-0.42039129,7.9,0.290760018,0.480053081,0.75
ATTCTGCCGGGTCCAGTCTT,0.54118771,-1.4359016,5.7,0.622321647,0.27593116,0.426470588
TTTGGCTTCTACAGTAGCGA,0.311058772,-0.57037689,5,0.332347387,0.449905333,0.323529412
TTGGCTTCTACAGTAGCGAC,0.623781733,-0.85112157,6.2,0.72639435,0.39347445,0.5
TGGCTTCTACAGTAGCGACG,0.537634055,0.45326368,6.8,0.61784386,0.655661471,0.588235294
CATCCGCCAACAGTGAAACC,0.40171453,0.66445568,6.6,0.44657829,0.698111967,0.558823529
CAGTGAAACCAGGTGTTCGC,0.416472337,-0.62715102,9.6,0.465173883,0.43849349,1
TCGCCGGTCGCGCCACCCGC,0.712075251,0.24475407,3.8,0.83764871,0.613750146,0.147058824
CGCCGGTCGCGCCACCCGCC,0.637228563,-0.45316368,7.3,0.743338046,0.47346569,0.661764706
ACCCGCCGGGAAGATCGCTG,0.459409053,1.3234807,6.3,0.519276347,0.830578818,0.514705882
CTGTGGCACTGCCTCCAAGA,0.528832414,0.4309966,6.2,0.606753341,0.651185692,0.5
TGTGGCACTGCCTCCAAGAT,0.651205948,-1.0789,4.9,0.760950267,0.347690011,0.308823529
ACTGCCTCCAAGATGGGCAA,0.504231782,-0.49702694,6.9,0.575755283,0.464648987,0.602941176
CTCCAAGATGGGCAATGGCG,0.502720745,-0.042679786,3.6,0.573851299,0.55597471,0.117647059
TCCAAGATGGGCAATGGCGC,0.372446742,-0.31500596,4.5,0.409699377,0.501235983,0.25
GACGTTGATGCCGCCGCCCC,0.667884582,-0.10546195,5.1,0.781966201,0.543355227,0.338235294
ACGTTGATGCCGCCGCCCCC,0.704010623,0.11948007,7.2,0.827486865,0.588569536,0.647058824
CCGCCCCCGGGTTCGAACAC,0.71243062,-0.91381462,5.6,0.838096493,0.380872879,0.411764706
CCCGGGTTCGAACACCGGTG,0.695250292,0.66041614,4.8,0.816448399,0.697300002,0.294117647
GGTACAGCGCAGTTTTCCTT,0.481607907,-1.1794941,9.3,0.547248041,0.327470166,0.955882353
GTACAGCGCAGTTTTCCTTC,0.250369105,-0.50247101,5.8,0.255875296,0.463554706,0.441176471
TTTCCTTCGGGATAAATTTG,0.409699102,-0.075195662,4.8,0.45663926,0.54943888,0.294117647
TTCCTTCGGGATAAATTTGC,0.278980123,-1.2923041,5.5,0.291926645,0.304794873,0.397058824
TCCTTCGGGATAAATTTGCG,0.337030668,0.67326292,5.2,0.365073308,0.69988226,0.352941176
AATTGTTGCGCTATCGAGAG,0.590182469,0.49130416,6.5,0.684057555,0.66330777,0.544117647
ATTGTTGCGCTATCGAGAGA,0.388078441,-0.3964662,7.4,0.429396119,0.484862126,0.676470588
GTACCATCATTTCCTCCTAT,0.304989426,-1.3517445,3.7,0.3246997,0.292847098,0.132352941
CCTATAGGCTGATTTCAGTC,0.376479959,-0.4003769,5.9,0.414781437,0.484076059,0.455882353
TCAGTCTGGCACCGAATCAG,0.61193202,0.80666258,7.6,0.711463105,0.726696163,0.705882353
AAATTAACAATATGATTTAT,0.13301144,-1.9050128,3.6,0.107998621,0.181637801,0.117647059
TTCTTCACTTTCCGCTGATT,0.30633348,-2.3552805,4.5,0.326393277,0.091132065,0.25
CCAGACTGAAATCAGCCTAT,0.412477971,-0.29114106,5.3,0.460140777,0.50603293,0.367647059
GACTGAAATCAGCCTATAGG,0.399714896,0.80869404,6.3,0.444058649,0.727104495,0.514705882
CAGCCTATAGGAGGAAATGA,0.468297446,0.31800663,4,0.530476178,0.628474224,0.176470588
ACCCCGCAAATTTATCCCGA,0.302833458,0.75070563,3.4,0.32198307,0.715448576,0.088235294
AAAACTGCGCTGTACCGCAC,0.708244688,-0.72384747,6.9,0.832822004,0.419057089,0.602941176
ACCGCACCGGTGTTCGAACC,0.634218576,-1.3918416,6.6,0.739545308,0.284787409,0.558823529
CCGCACCGGTGTTCGAACCC,0.481678659,-0.56438958,5.5,0.547337192,0.451108808,0.397058824
CGCACCGGTGTTCGAACCCG,0.740489893,0.82489897,4.9,0.873452615,0.730361755,0.308823529
GCACCGGTGTTCGAACCCGG,0.763555032,2.1663542,5.6,0.902515873,1,0.411764706
CCGGTGTTCGAACCCGGGGG,0.840920239,0.2082026,4.8,1,0.606403144,0.294117647
GTGTTCGAACCCGGGGGCGG,0.807871372,1.1588014,7.6,0.958356733,0.797477573,0.705882353
GCCCGCGCCATTGCCCATCT,0.482253029,-1.3636189,5.3,0.548060928,0.290460293,0.367647059
CGCGCCATTGCCCATCTTGG,0.512977308,0.795811,4.5,0.586775094,0.724514949,0.25
CAGTGCCACAGCGATCTTCC,0.364530124,-0.5174116,5.7,0.399724032,0.460551583,0.426470588
TGCCACAGCGATCTTCCCGG,0.650132637,1.0338747,6.4,0.75959784,0.772366772,0.529411765
GCCACAGCGATCTTCCCGGC,0.550096261,-0.010286916,6.8,0.633546878,0.562485816,0.588235294
ACAGCGATCTTCCCGGCGGG,0.669878319,1.338048,5.1,0.784478412,0.833506907,0.338235294
TTCCCGGCGGGTGGCGCGAC,0.814281119,-1.0061437,6.9,0.966433343,0.362314338,0.602941176
TGGCGCGACCGGCGAACACC,0.404993716,-0.44607279,7.1,0.450710232,0.474890989,0.632352941
CGAACACCTGGTTTCACTGT,0.301578761,-1.4867542,6.6,0.320402087,0.26570957,0.558823529
ACACCTGGTTTCACTGTTGG,0.743040252,0.29840711,4.5,0.876666198,0.624534637,0.25
CTACTGTAGAAGCCAAAGAC,0.274946864,-0.95486731,4.5,0.286844532,0.372621112,0.25
TAGAAGCCAAAGACTGGACC,0.56047785,-1.3642654,4,0.646628212,0.290330343,0.176470588
GCAGAATTTACACGTACATG,0.28214759,0.87233915,3.3,0.295917816,0.739897434,0.073529412
GGAATTTATCCCCAATATTG,0.244327716,0.49101825,4.9,0.248262836,0.663250301,0.308823529
GAAAACTTTGCCTTCTTTAA,0.349466569,-0.6042157,5.3,0.380743181,0.443103587,0.367647059
AACTTTGCCTTCTTTAAAGG,0.372648134,-0.41226649,5.3,0.409953141,0.4816862,0.367647059
CTTCTTTAAAGGTGGATACA,0.357206959,-0.37798119,4.1,0.390496469,0.488577692,0.191176471
AAAGGTGGATACACGGATTT,0.514666838,-0.7780086,5.5,0.588903989,0.40817047,0.397058824
AAGGTGGATACACGGATTTT,0.519294781,-0.39617362,4.9,0.594735434,0.484920936,0.308823529
ATACACGGATTTTGGGCCCC,0.502278231,-0.72423731,5.1,0.573293709,0.41897873,0.338235294
CACGGATTTTGGGCCCCTGG,0.600179388,0.044240475,5.1,0.696654186,0.573446055,0.338235294
CACATGACGCCCCAGTTTTG,0.393426107,-0.073250219,7.2,0.436134452,0.549829922,0.647058824
GCGCGCATTTTGTGATCTTC,0.46076667,-1.6598648,4.3,0.520987014,0.230913598,0.220588235
AAAGTTCATACGTACAACGT,0.414733338,-0.31563392,3.4,0.462982656,0.501109761,0.088235294
TTATTATCGCGATCTGTTGC,0.047301736,-2.1219182,6.3,0,0.138038886,0.514705882
TATTATCGCGATCTGTTGCT,0.352807108,-0.43828409,7.2,0.384952431,0.476456551,0.647058824
ATCTGTTGCTGGGCCTAACG,0.497671343,-0.11900374,4.8,0.567488794,0.540633269,0.294117647
TTTTGTTCTGCGAAGCCTTC,0.289033091,-1.2326167,4.5,0.3045939,0.316792296,0.25
CTCCGTTGACTGAAACAACC,0.357078686,-0.60617222,5.1,0.390334838,0.442710318,0.338235294
CGAATGAAATAACGCCGCGA,0.377432305,0.89874379,4.3,0.415981442,0.74520488,0.220588235
GGCGATAAATTAATCTCATT,0.315892218,-0.41790274,6,0.338437777,0.48055329,0.470588235
AGATTAATTTATCGCCATCG,0.498489395,-0.2339839,5.1,0.568519581,0.517521764,0.338235294
CATCGCGGCGTTATTTCATT,0.533029173,-1.3660808,7.3,0.612041472,0.28996544,0.661764706
TTTCATGTTCAAGCAACACC,0.2304021,-0.42490899,7.5,0.230715846,0.479145004,0.691176471
CACCTGGTTGTTTCAGTCAA,0.749966824,-1.5983278,4,0.885394034,0.243282799,0.176470588
CGGAGTATTACATGTCCAGA,0.452766253,0.26468527,3.8,0.510906078,0.617756403,0.147058824
ACAAAAATCGTTACCACGTT,0.401477587,-0.72177086,4.8,0.44627973,0.419474497,0.294117647
TAATCTTGAAAAAGTTATCG,0.137892162,0.59992221,3.4,0.114148581,0.685140463,0.088235294
TCTTGAAAAAGTTATCGCGG,0.456752418,0.65578157,4.2,0.515928851,0.696368434,0.205882353
CTTGAAAAAGTTATCGCGGC,0.566815717,-0.59623024,7,0.65461425,0.444708699,0.617647059
GTACGTATGAACTTTTCTCA,0.289448393,-0.67143744,6.8,0.305117202,0.42959173,0.588235294
TGAAGATCACAAAATGCGCG,0.324032429,0.51149956,6.4,0.34869486,0.667367132,0.529411765
TCGTGAGATTGCCGCAAAAC,0.346553238,-0.69077516,5,0.377072234,0.425704765,0.323529412
CGTGAGATTGCCGCAAAACT,0.522681514,-0.60280384,4.7,0.599002891,0.443387377,0.279411765
GTGAGATTGCCGCAAAACTG,0.656460918,0.60605232,6.1,0.767571799,0.686372641,0.485294118
CGCAAAACTGGGGCGTCATG,0.375218752,-0.15783054,5,0.413192251,0.532828916,0.323529412
GGGGCGTCATGTGGCTATTC,0.471366393,-1.7473839,5.1,0.534343208,0.213321884,0.338235294
GGGCGTCATGTGGCTATTCT,0.639830354,-1.0953677,5,0.746616436,0.344379932,0.323529412
GGCTATTCTGGGTGACCTCC,0.38794824,-1.3198551,3,0.429232059,0.299257004,0.029411765
GCTATTCTGGGTGACCTCCA,0.67677999,0.92964291,6.3,0.793174871,0.751415735,0.514705882
CTATTCTGGGTGACCTCCAG,0.743817321,0.13610021,5.4,0.877645345,0.591910255,0.382352941
CGTGTATCCACCTTTAAAGA,0.320345965,-0.92876531,5,0.344049727,0.377867726,0.323529412
GGCAAAGTTTTCCTCAATAT,0.285591636,-1.3318789,6.1,0.30025749,0.296840168,0.485294118
GCAAAGTTTTCCTCAATATT,0.25551912,-0.97484158,3.2,0.262364578,0.368606199,0.058823529
CAAAGTTTTCCTCAATATTG,0.342681638,-0.53210583,5.4,0.37219382,0.45759798,0.382352941
TTTCAACGTCCAGACGAGTC,0.483793509,0.028553313,6.8,0.550002011,0.570292868,0.588235294
TCAGGTCCTGATACACGATG,0.704879033,-0.14669638,4.8,0.828581106,0.53506693,0.294117647
GTCCTGATACACGATGCGGC,0.456059844,-0.20687632,7.1,0.515056172,0.522970504,0.632352941
ACACGATGCGGCCGGCACCC,0.488912049,0.71949296,3.9,0.556451634,0.709174696,0.161764706
GGCCGGCACCCAGGTTAACG,0.224125322,1.1893805,6.3,0.222806784,0.803624103,0.514705882
CAGGTTAACGTGGCCTACTT,0.632763213,-1.2770556,4.7,0.737711476,0.307859887,0.279411765
CTTCGGAGTTACCCATCTGA,0.326570063,-0.43942339,4.9,0.351892409,0.476227547,0.308823529
GAGTTACCCATCTGACGGTC,0.722590143,-1.1791202,3.6,0.850898013,0.327545321,0.117647059
AGGCAGACCGACTTCCAGAC,0.731850625,-0.80680361,6.3,0.862566695,0.40238255,0.514705882
CCAGACCGGAAGCGTCGATT,0.406986643,-0.42220027,5.5,0.453221423,0.479689468,0.397058824
CAGACCGGAAGCGTCGATTA,0.679901804,0.095326252,7.3,0.797108517,0.583714515,0.661764706
GAAGCGTCGATTAGGGTATG,0.654763899,0.16399214,5.6,0.765433468,0.597516652,0.411764706
GATTAGGGTATGCGGACGAT,0.593259985,0.094317308,4.8,0.687935383,0.583511713,0.294117647
GCCCACAGTGCATCCATTAC,0.435759873,-0.53630553,4.1,0.489477168,0.456753822,0.191176471
CCCACAGTGCATCCATTACC,0.36129587,-1.2743123,7.8,0.395648706,0.308411302,0.735294118
CCACAGTGCATCCATTACCG,0.333262529,0.79634625,2.8,0.360325259,0.724622536,0
CGGGGTTTTAGCACTAAAAA,0.501501773,-1.0227607,3.9,0.572315332,0.35897425,0.161764706
TCCAGAATCACCAGTACCAT,0.545586098,-0.3316632,4.2,0.627863842,0.497887807,0.205882353
TCAAAATATACGACCGCTCG,,0.076606556,3.7,,0.579951776,0.132352941
TCGTATATTTTGATCTTCAG,0.502383722,-0.058390807,6.1,0.573426633,0.552816728,0.485294118
AATTTTGACTCTTGAGTATG,0.458726299,-0.15341663,5,0.518416042,0.533716131,0.323529412
GTATGAGGTTGTCGCAATGT,0.528906015,-0.9378867,4.9,0.606846082,0.376034288,0.308823529
GTTGGTTTCTAAAAAACCTA,0.297312397,0.30578744,4.7,0.31502625,0.626018115,0.279411765
TTCTAAAAAACCTATGGTAC,0.208578707,-1.8354124,3.5,0.203217252,0.195627779,0.102941176
ACCTATGGTACTGGTGATTC,0.398907967,-1.6998006,4.6,0.443041877,0.222886331,0.264705882
ATGGTACTGGTGATTCTGGA,0.527187632,-0.47333816,6.7,0.604680831,0.469410533,0.573529412
CTGGTGATTCTGGATGGCTA,0.501557911,-1.4420092,6.6,0.572386069,0.274703507,0.558823529
TGGCTATCGCGAAGAACAGC,0.393508736,-0.72467259,6.6,0.436238569,0.418891237,0.558823529
CATTTTTAGTGCTAAAACCC,0.417453222,-0.83415194,4.3,0.466409849,0.396885419,0.220588235
TAGTGCTAAAACCCCGGTAA,0.660117378,-1.0988264,5,0.772179126,0.343684719,0.323529412
CCCCGGTAATGGATGCACTG,0.264922835,0.94749227,5.5,0.274213741,0.755003533,0.397058824
CCCGGTAATGGATGCACTGT,0.509729237,-0.47759392,4.6,0.582682358,0.468555107,0.264705882
CATACCCTAATCGACGCTTC,0.446903549,-0.52119734,6.4,0.503518771,0.459790633,0.529411765
CCTAATCGACGCTTCCGGTC,0.471559171,-0.22614747,8.2,0.534586118,0.51909692,0.794117647
GACGCTTCCGGTCTGGAAGT,0.505490381,-0.77093138,5.6,0.577341183,0.409593022,0.411764706
CGGTCTGCCTGACCGTCAGA,0.30085942,0.001982495,4.8,0.319495681,0.56495202,0.294117647
GGTCTGCCTGACCGTCAGAT,0.50052512,-0.22940714,4.4,0.571084699,0.518441713,0.235294118
CAGATGGGTAACTCCGAAGT,0.660605457,-0.85067265,4.7,0.772794131,0.393564685,0.279411765
CGAAGTAGGCCACGTTAACC,0.292559174,-0.23255365,6.5,0.309036945,0.517809251,0.544117647
GAAGTAGGCCACGTTAACCT,0.4927088,0.066079021,8.7,0.561235735,0.577835696,0.867647059
GGCCACGTTAACCTGGGTGC,0.383103515,-0.9458344,7,0.423127457,0.374436766,0.617647059
TGCCGGCCGCATCGTGTATC,0.438477365,-1.5847243,8.1,0.492901347,0.24601716,0.779411765
GTATCAGGACCTGACTCGTC,0.499351502,-0.25024444,7.5,0.56960588,0.514253326,0.691176471
TCGCGCTTTCTTTGCTAATC,0.411972114,-2.385355,6.3,0.459503372,0.085086962,0.514705882
CGTCGATACCACGTTTTTTC,0.190898926,-1.6185663,9.6,0.180939821,0.239214774,1
TTTCAGGTTTTCGATAGCCA,0.362302539,-0.48055033,4.7,0.396917161,0.467960856,0.279411765
GGTTTTCGATAGCCACGGCG,0.588249409,1.0133916,4.6,0.681621801,0.768249581,0.264705882
CGGCGCGGATGTTCTCGTCG,0.634356723,-0.64490759,5.1,0.73971938,0.434924343,0.338235294
ATGTTCTCGTCGCGGAATTC,0.497718166,-1.8807576,5.1,0.567547793,0.1865132,0.338235294
TGTTCTCGTCGCGGAATTCC,0.400068633,-0.32666117,7.7,0.444504375,0.498893236,0.720588235
CCGGGAAACGCGCAGAACCG,0.546369396,1.4488839,4.3,0.628850837,0.855785398,0.220588235
AACCGAGGAACGTACCGCCA,0.723555046,0.023437506,3.6,0.85211384,0.569264569,0.117647059
TCATGTCAGACACGCTGTAA,0.536149875,-0.12721285,4.9,0.615973717,0.538983203,0.308823529
AACGGTCTAGCTGTACCATA,0.706402293,-0.005475322,6.6,0.830500492,0.563452967,0.558823529
ACGAACAACCCCGCGAATTG,0.476071298,0.86576215,7.2,0.54027163,0.738575429,0.647058824
CGAATTGCGGCGTTCATGCC,0.309720416,-1.2624225,7,0.33066099,0.310801202,0.617647059
TCATGACTACCTCTGAACTT,0.388563644,-0.55397002,8.1,0.430007499,0.453203184,0.779411765
TGCAAAATGAAATCTGTTGC,0.264808598,-1.5197914,5.1,0.274069797,0.259068951,0.338235294
TATACTATTTGCACATTCGT,0.251366215,-0.52986405,4.2,0.257131705,0.458048587,0.205882353
TCGATGTGCAAGAAGACTTC,0.461100594,-0.76541677,4.9,0.521407775,0.410701482,0.308823529
TTTTGCATTCCAAAGTTCAG,0.345011276,1.155153,7.3,0.375129283,0.796744229,0.661764706
GTAGTCATGATTAAGAAAAT,0.567210743,-0.66887091,5.8,0.655112003,0.430107613,0.441176471
AAAATCGGTGTGTTGACAAG,0.622949763,0.77728208,6.8,0.725346026,0.720790556,0.588235294
ATCGGTGTGTTGACAAGCGG,0.75763153,-0.071239993,5.2,0.895051957,0.550233986,0.352941176
ACAAGCGGCGGTGATGCGCC,0.736304488,0.081684977,6.1,0.86817879,0.58097256,0.485294118
GGCATGAACGCCGCAATTCG,0.394487675,0.78502831,4.7,0.437472082,0.722347582,0.279411765
GCATGAACGCCGCAATTCGC,0.292210036,-0.33006187,6.2,0.308597014,0.498209681,0.5
CATGAACGCCGCAATTCGCG,0.463678425,1.1075504,6.7,0.524655974,0.787175903,0.573529412
GTTCGTTCTGCGCTGACAGA,0.438345829,0.36079532,5.6,0.492735605,0.637074934,0.411764706
TTCTGCGCTGACAGAAGGTC,0.58249032,-1.6243966,5.1,0.674365053,0.238042858,0.338235294
GACAGAAGGTCTGGAAGTAA,0.563960148,-0.76703376,5.5,0.651016087,0.41037646,0.397058824
ACAGAAGGTCTGGAAGTAAT,0.696221214,-0.85821278,7.1,0.81767181,0.392049087,0.632352941
GAAGTAATGGGTATTTATGA,0.351940302,-0.70427249,6,0.383860211,0.422991744,0.470588235
GGGTATTTATGACGGCTATC,0.12066144,-0.11983268,4.3,0.092436988,0.540466648,0.220588235
GGTATTTATGACGGCTATCT,0.378748928,-0.87278449,5.3,0.417640454,0.389120111,0.367647059
GGGTCTGTATGAAGACCGTA,0.470191796,0.80940568,4.3,0.532863156,0.727247537,0.220588235
GTGTCTGACATGATCAACCG,0.440568722,1.0366922,6,0.495536564,0.772933101,0.470588235
TCTGACATGATCAACCGTGG,0.765497872,0.60056022,5.9,0.904963951,0.685268706,0.455882353
AACCGTGGCGGTACGTTCCT,0.548323313,-0.71403407,5.1,0.631312873,0.421029625,0.338235294
CCTCGGTTCTGCGCGTTTCC,0.27359409,-1.2435544,5.9,0.285139967,0.314593771,0.455882353
CGACGAGAACATCCGCGCCG,0.336296386,0.73724519,7.4,0.364148075,0.71274297,0.676470588
ATCGAAAACCTGAAAAAACG,0.27932857,0.37606155,5.5,0.292365706,0.640143512,0.397058824
AAAACGTGGTATCGACGCGC,,-0.21871634,4.9,,0.520590609,0.308823529
ACGTGGTATCGACGCGCTGG,,0.64415454,6.7,,0.694031351,0.573529412
CAGCGAAAACCCGATTGATC,0.284251837,-1.217602,6.6,0.298569275,0.319810315,0.558823529
TCAGTTAGCTAACTGCTATA,0.243335869,0.76890408,6.6,0.247013058,0.719106542,0.558823529
CAGTTAGCTAACTGCTATAT,0.539723987,-2.4390901,4.8,0.620477281,0.074285977,0.294117647
TAGCTAACTGCTATATGGGT,0.523026619,-2.1141765,5.2,0.599437741,0.139595001,0.352941176
AGCTAACTGCTATATGGGTC,0.574579709,-1.5188897,6.7,0.664397278,0.259250197,0.573529412
AACTGCTATATGGGTCGGGC,0.156855162,-1.1064325,4.2,0.138042933,0.34215586,0.205882353
ACTGCTATATGGGTCGGGCT,0.754713335,-0.53519926,7.5,0.891374881,0.456976187,0.691176471
CGGGCTGGGTTGATAAACTC,0.739919255,-0.86023729,6.9,0.872733582,0.391642152,0.602941176
GCTGGGTTGATAAACTCCGG,0.577179509,1.4037914,5.4,0.667673159,0.846721612,0.382352941
GATAAACTCCGGCGGTGCTG,0.386521063,0.93194347,6.4,0.427433743,0.751878158,0.529411765
ATAAACTCCGGCGGTGCTGC,0.305257913,-0.94396445,4.9,0.325038008,0.374812634,0.308823529
AACTCCGGCGGTGCTGCGGG,0.819923181,0.77358764,5.8,0.97354263,0.720047958,0.441176471
CAGCGATGCAGTGCGTACTG,0.80033016,-0.040141615,5,0.94885442,0.556484894,0.323529412
GCGGTTATCAACAAACGCGC,0.377551918,0.18250816,4.3,0.41613216,0.601238452,0.220588235
GTTATCAACAAACGCGCAGG,0.588169033,1.7967767,5.7,0.681520523,0.92571334,0.426470588
CAACAAACGCGCAGGCGGAA,0.332238519,-0.059333876,6.8,0.359034954,0.552627167,0.588235294
AACAAACGCGCAGGCGGAAT,0.432632525,-0.29264436,5,0.485536549,0.505730761,0.323529412
ACAAACGCGCAGGCGGAATG,0.59698186,0.60723752,8.6,0.692625137,0.686610872,0.852941176
GGCGGAATGGGGCTGATTCT,0.481892581,-0.86032754,7.7,0.547606745,0.391624011,0.720588235
TAAAGCGTTCAAGAAATCGA,0.399108967,0.6980282,7.3,0.443295147,0.704860187,0.661764706
TTCAAGAAATCGATGGCTGA,0.440678452,0.048879712,5.6,0.495674829,0.574378561,0.411764706
GAAACTGATTAACGCCGTGC,0.434812989,0.63090151,4.6,0.488284045,0.691367435,0.264705882
TACGAACAACACCACCCCGT,0.564528885,0.71234333,6.5,0.651732724,0.707737589,0.544117647
AACAACACCACCCCGTAGGA,0.283850585,0.15266795,3.3,0.298063677,0.595240442,0.073529412
ACCACCCCGTAGGACGGATA,0.582418746,-0.43080202,6.6,0.674274866,0.47796048,0.558823529
TAAGGCGTTTACGCTGCATC,0.566673417,-1.0921581,6.4,0.654434945,0.345025076,0.529411765
AGACGCTTCAGCGTCGCATC,0.368528186,-0.59580879,7.8,0.404761795,0.444793412,0.735294118
TTCAGCGTCGCATCAGGCAT,0.69323125,-1.0256953,4.3,0.813904302,0.358384383,0.220588235
TCGCATCAGGCATAGGTTGC,0.566006507,-0.31591415,5,0.653594604,0.501053433,0.323529412
TAAACGCCTTATCCGTCCTA,0.515109832,-0.1831558,4.7,0.589462184,0.52773843,0.279411765
AAACGCCTTATCCGTCCTAC,0.400073851,-0.47984701,4.7,0.44451095,0.468102227,0.279411765
AACGCCTTATCCGTCCTACG,0.525565744,0.98139651,7,0.602637169,0.761818431,0.617647059
GCCTTATCCGTCCTACGGGG,0.566171138,0.13931162,4.7,0.653802047,0.592555762,0.279411765
GGGGTGGTGTTGTTCGTATA,0.798680422,-0.98565518,7.5,0.946775665,0.366432619,0.691176471
TTGTTCGTATAAGGCGTATC,0.467454154,-0.86815155,6.8,0.529413587,0.390051351,0.588235294
ATCGAGATAAACGTCCTGCA,0.661491389,0.33344345,7.2,0.77391045,0.631577091,0.647058824
CAGTACGCACTGCATCGCTG,0.384311195,0.16185479,5.9,0.424649196,0.597087036,0.455882353
TTCACCGCCCGCAGCACCGC,0.512375483,-0.057500729,7.1,0.586016764,0.552995637,0.632352941
TGATAACGCACCAGATCAAT,0.30485313,-0.61288095,4.1,0.32452796,0.441361835,0.191176471
GATAACGCACCAGATCAATC,0.22822097,0.52502707,6.3,0.22796751,0.670086219,0.514705882
CAGATCAATCGGGTTTTCGC,0.16959537,-0.85326183,8.5,0.154096248,0.393044249,0.838235294
TTTGCTGTAAACACGATCGT,0.526358455,0.092344328,5.8,0.603636026,0.583115135,0.441176471
